id,product_name,shop_name,location,price,discount,amount_sold,rating,no_of_rating,link_product,category,ecommerce_name
613483b08c685a89e2a487a0,"Sepatu VANS OLD SKOOL hitam putih - 40","NAF SHOES","Kabupaten Tangerang",55900,0,625,5,324,https://www.tokopedia.com/nafshoes888/sepatu-vans-old-skool-hitam-putih-40?whid=0,"Old Skool",tokopedia
613483b08c685a89e2a487a1,"SEPATU VANS VAULT OLD SKOOL OG BLACK WHITE GRADE ORIGINAL - Hitam, 36",4SDOnlineshop,"Jakarta Selatan",114000,5,253,5,147,https://www.tokopedia.com/4sdonlineshop/sepatu-vans-vault-old-skool-og-black-white-grade-original-hitam-36?whid=0,"Old Skool",tokopedia
613483b08c685a89e2a487a6,"Sepatu Vans Oldskool/Vans cowok/vans cewek/vans Premium original - 36","Ezelis Store","Kabupaten Tangerang",65000,0,977,5,262,https://www.tokopedia.com/ezelisstore/sepatu-vans-oldskool-vans-cowok-vans-cewek-vans-premium-original-36?whid=0,"Old Skool",tokopedia
613483b08c685a89e2a487a8,"Sepatu Vans Old Skool Hitam Polos sepatu full black kasual sekolah - 40","NAF SHOES","Kabupaten Tangerang",58000,0,206,5,92,https://www.tokopedia.com/nafshoes888/sepatu-vans-old-skool-hitam-polos-sepatu-full-black-kasual-sekolah-40?whid=0,"Old Skool",tokopedia
613483b08c685a89e2a487a9,"Sepatu Vans Old School Premium - Hitam, 36",caki,"Kabupaten Tangerang",90000,0,528,5,232,https://www.tokopedia.com/trashbag/sepatu-vans-old-school-premium-hitam-36?whid=0,,tokopedia
613483b08c685a89e2a487ab,"OBRAL SEPATU VANS VAULT OG OLD SKOOL BEMPER GUM BLACK WHITE GRADE ORI - bw BEMPER gem, 39",4SDOnlineshop,"Jakarta Selatan",118750,5,34,5,25,https://www.tokopedia.com/4sdonlineshop/obral-sepatu-vans-vault-og-old-skool-bemper-gum-black-white-grade-ori-bw-bemper-gem-39?whid=0,"Old Skool",tokopedia
613483b08c685a89e2a487ac,"Vans Old Skool Black And White - 4.5","Badass Monkey Indonesia","Jakarta Selatan",1200000,0,299,5,176,https://www.tokopedia.com/badassmonkeyid/vans-old-skool-black-and-white-4-5?whid=0,"Old Skool",tokopedia
613483b08c685a89e2a487b1,"SEPATU VANS OLD SKOOL VAULT OG HIJAU ARMY WAFFEL DT GRADE ORIGINAL - Hijau, 36",4SDOnlineshop,"Jakarta Selatan",114000,5,49,5,29,https://www.tokopedia.com/4sdonlineshop/sepatu-vans-old-skool-vault-og-hijau-army-waffel-dt-grade-original-hijau-36?whid=0,"Old Skool",tokopedia
613483b08c685a89e2a487b4,"sepatu vans authentic maroon black full black - FullBlack, 39","ID - MANSTORE",Bandung,90000,0,44,5,22,https://www.tokopedia.com/id-manstore/sepatu-vans-authentic-maroon-black-full-black-fullblack-39?whid=0,Authentic,tokopedia
613483b08c685a89e2a487b5,"SEPATU VANS SLIP ON OG CHECKERBOARD WHITE - kotak slip on, 36",4SDOnlineshop,"Jakarta Selatan",118750,5,265,5,152,https://www.tokopedia.com/4sdonlineshop/sepatu-vans-slip-on-og-checkerboard-white-kotak-slip-on-36?whid=0,Checkerboard,tokopedia
613483b08c685a89e2a487b6,"Sepatu Vans Authentic Classic Black White BNIB Premium Original - Black/White, 37","sneaker official member",Bandung,269000,0,193,5,105,https://www.tokopedia.com/sneakerofficial/sepatu-vans-authentic-classic-black-white-bnib-premium-original-black-white-37?whid=0,Authentic,tokopedia
613483b08c685a89e2a487b8,"Sepatu Vans AVE Pro 'Anthony Van Engelen' Original",70stores,"Jakarta Pusat",2349000,0,26,5,21,https://www.tokopedia.com/70stores/sepatu-vans-ave-pro-anthony-van-engelen-original?whid=0,Ave,tokopedia
613483b08c685a89e2a487b9,"SEPATU COUPLE KELUARGA VANS OLD SKOOL VAULT OG PUTIH NAVY - Putih, 26/27/28/29/30",4SDOnlineshop,"Jakarta Selatan",80750,5,13,4,6,https://www.tokopedia.com/4sdonlineshop/sepatu-couple-keluarga-vans-old-skool-vault-og-putih-navy-putih-26-27-28-29-30?whid=0,"Old Skool",tokopedia
613483b08c685a89e2a487bb,"SEPATU VANS SK8 HI SNEAKERS HITAM PUTIH TINGGI - 36","NAF SHOES","Kabupaten Tangerang",65000,0,90,5,42,https://www.tokopedia.com/nafshoes888/sepatu-vans-sk8-hi-sneakers-hitam-putih-tinggi-36?whid=0,SK8-Hi,tokopedia
613483b08c685a89e2a487bd,"VANS OLD SKOOL BLACK CHECKERBOARD BLACK - 38","Sneakers Dept","Jakarta Timur",789000,47,8,5,3,https://www.tokopedia.com/sneakersdept/vans-old-skool-black-checkerboard-black-38?whid=0,Checkerboard,tokopedia
613483b08c685a89e2a487bf,"SEPATU VANS SK8 OLD SKOOL HIGH BLACK WHITE WAFFEL DT PREMIUM - Hitam, 39",4SDOnlineshop,"Jakarta Selatan",120000,0,31,4,18,https://www.tokopedia.com/4sdonlineshop/sepatu-vans-sk8-old-skool-high-black-white-waffel-dt-premium-hitam-39?whid=0,"Old Skool",tokopedia
613483b08c685a89e2a487c0,"sepatu sekolah Vans hitam polos sol gum sneaker full black gum murah - Hitam, 41","aldhis shoes","Jakarta Timur",93000,0,30,5,19,https://www.tokopedia.com/aldhis/sepatu-sekolah-vans-hitam-polos-sol-gum-sneaker-full-black-gum-murah-hitam-41?whid=0,,tokopedia
613483b08c685a89e2a487c1,"Sepatu Vans Old Skool x Zhao Zhao 'Year Of The Rat' Original",70stores,"Jakarta Pusat",1799000,0,3,5,3,https://www.tokopedia.com/70stores/sepatu-vans-old-skool-x-zhao-zhao-year-of-the-rat-original?whid=0,"Old Skool",tokopedia
613483b08c685a89e2a487c3,"sepatu kets vans blue denim cowok pria termurah special edition VD2 - Navy, 39",stylishstore23,Bogor,35000,0,113,5,38,https://www.tokopedia.com/stylishstore23/sepatu-kets-vans-blue-denim-cowok-pria-termurah-special-edition-vd2-navy-39?whid=0,,tokopedia
613483b08c685a89e2a487c4,"Sepatu Vans Authentic Classic Black Rubber Gum Original 100% BNIB! - 37","Toko Adidas Original","Tangerang Selatan",499000,0,45,5,28,https://www.tokopedia.com/tokoadidasori/sepatu-vans-authentic-classic-black-rubber-gum-original-100-bnib-37?whid=0,Authentic,tokopedia
613483b08c685a89e2a487c7,"Sepatu Vans Authentic Full Black Premium - Hitam, 37",caki,"Kabupaten Tangerang",180000,0,9,4,7,https://www.tokopedia.com/trashbag/sepatu-vans-authentic-full-black-premium-hitam-37?whid=0,Authentic,tokopedia
613483b08c685a89e2a487c8,"Sepatu Vans Old Skool Classic Full Black Hitam DT Premium oldskool","Fresh Banana","Jakarta Selatan",259000,0,127,5,63,https://www.tokopedia.com/freshbanana/sepatu-vans-old-skool-classic-full-black-hitam-dt-premium-oldskool?whid=0,"Old Skool",tokopedia
613483b08c685a89e2a487ca,"Sepatu Vans Old Skool V36CL+ Checkerboard Japan Market Original BNIB!","Toko Adidas Original","Tangerang Selatan",649000,0,256,5,102,https://www.tokopedia.com/tokoadidasori/sepatu-vans-old-skool-v36cl-checkerboard-japan-market-original-bnib?whid=0,Checkerboard,tokopedia
613483b08c685a89e2a487cb,"SEPATU PRIA VANS OLD SCHOOL SNEAKERS HITAM SEKOLAH KERJA MURAH - 36","NAF SHOES","Kabupaten Tangerang",58200,0,312,5,173,https://www.tokopedia.com/nafshoes888/sepatu-pria-vans-old-school-sneakers-hitam-sekolah-kerja-murah-36?whid=0,,tokopedia
613483b08c685a89e2a487cc,"Vans Old Skool Full White Sepatu Pria Sneakers Full Putih Harga Grosir - Putih, 38",AriefShop,"Kabupaten Tangerang",68900,0,3,5,2,https://www.tokopedia.com/ariefshop/vans-old-skool-full-white-sepatu-pria-sneakers-full-putih-harga-grosir-putih-38?whid=0,"Old Skool",tokopedia
613483b08c685a89e2a487d0,"sepatu ukuran 47 46 45 44 Vans old skool hitam ukuran besar Jumbo ! - Hitam, 36","pusat sepatu sneakers 018","Kabupaten Tangerang",55000,0,6,4,3,https://www.tokopedia.com/pusatsepatusneakers/sepatu-ukuran-47-46-45-44-vans-old-skool-hitam-ukuran-besar-jumbo-hitam-36?whid=0,"Old Skool",tokopedia
613483b08c685a89e2a487d1,"Original Vans Comfycush old skool Black Sepatu Sneakers - 36","nugroho store","Jakarta Selatan",799000,0,28,5,12,https://www.tokopedia.com/tokoariqkamil/original-vans-comfycush-old-skool-black-sepatu-sneakers-36?whid=0,"Old Skool",tokopedia
613483b08c685a89e2a487d3,"Sepatu Kolaborasi VANS x MOONEYES - 7.5","Mooneyes Jakarta","Jakarta Selatan",2300000,0,9,5,5,https://www.tokopedia.com/mooneyesjakarta/sepatu-kolaborasi-vans-x-mooneyes-7-5?whid=0,,tokopedia
613483b08c685a89e2a487d4,"Sepatu Vans Old Skool Full White / Putih Full Murah","Toko All Star Murah","Tangerang Selatan",129000,0,118,4,46,https://www.tokopedia.com/tokoallstarmurah/sepatu-vans-old-skool-full-white-putih-full-murah?whid=0,"Old Skool",tokopedia
613483b08c685a89e2a487d6,"outsole vans | outsol | tapak vans  | bawahan sepatu vans",Moortee,Depok,35000,0,14,5,1,https://www.tokopedia.com/moortee/outsole-vans-outsol-tapak-vans-bawahan-sepatu-vans?whid=0,,tokopedia
613483b08c685a89e2a487d8,"Sepatu Sneakers Vans Era Authentic Black White Hitam Putih Premium - Hitam, 37","VJ CONVERSE.ID","Jakarta Timur",89900,0,110,5,50,https://www.tokopedia.com/vjconverseid/sepatu-sneakers-vans-era-authentic-black-white-hitam-putih-premium-hitam-37?whid=0,Era,tokopedia
613483b08c685a89e2a487d9,"VANS OFF THE WALL | OLD SKOOL BLK WHT | SEPATU - 42","FRIDAY KILLER CO","Kabupaten Pamekasan",719200,20,46,5,32,https://www.tokopedia.com/fridaykillerco/vans-off-the-wall-old-skool-blk-wht-sepatu-42?whid=0,"Old Skool",tokopedia
613483b08c685a89e2a487da,"Sepatu Vans Old Skool Classic Black Gum BNIB Original Premium","sneaker official member",Bandung,295000,0,16,5,10,https://www.tokopedia.com/sneakerofficial/sepatu-vans-old-skool-classic-black-gum-bnib-original-premium?whid=0,"Old Skool",tokopedia
613483b08c685a89e2a487db,"Grade Original! Sepatu Vans Slip On Checkerboard / Catur (Free Box) - Classic, 36",marsyastore_,"Jakarta Barat",140000,0,74,4,50,https://www.tokopedia.com/marsyastoree/grade-original-sepatu-vans-slip-on-checkerboard-catur-free-box-classic-36?whid=0,Checkerboard,tokopedia
613483b08c685a89e2a487dd,"Sepatu Vans Sneakers Fetino Hitam Merah sepatu kasual sekolah - 43 - Merah, 36","Arty's Shoes","Kabupaten Tangerang",75000,0,33,5,26,https://www.tokopedia.com/artyshoes/sepatu-vans-sneakers-fetino-hitam-merah-sepatu-kasual-sekolah-43-merah-36?whid=0,Era,tokopedia
613483b08c685a89e2a487df,"Sepatu Vans Berle Pro Original",70stores,"Jakarta Pusat",1989000,0,4,5,2,https://www.tokopedia.com/70stores/sepatu-vans-berle-pro-original?whid=0,,tokopedia
613483b08c685a89e2a487e0,"Sepatu Pria Sneakers Cowo Vans Old School Hitam Garis Putih Termurah - 39","SEPATU SAFETY TACTICAL","Kabupaten Bandung",55000,0,127,4,45,https://www.tokopedia.com/sepatusafetytact/sepatu-pria-sneakers-cowo-vans-old-school-hitam-garis-putih-termurah-39?whid=0,,tokopedia
613483b08c685a89e2a487e1,"Sepatu Vans Oldskoll Hitam Polos - Termurah","Toko Sepatu Arfan","Jakarta Timur",119000,0,51,5,19,https://www.tokopedia.com/tokosepatuarfan/sepatu-vans-oldskoll-hitam-polos-termurah?whid=0,,tokopedia
613483b08c685a89e2a487e2,"Sepatu Vans Old Skool Hitam Gum Murah","Toko All Star Murah","Tangerang Selatan",129000,0,36,4,15,https://www.tokopedia.com/tokoallstarmurah/sepatu-vans-old-skool-hitam-gum-murah?whid=0,"Old Skool",tokopedia
613483b08c685a89e2a487e4,"Sepatu Vans Old School - Hitam - 36","Didara Store","Kabupaten Bogor",54900,0,73,5,53,https://www.tokopedia.com/didarastore/sepatu-vans-old-school-hitam-36?whid=0,,tokopedia
613483b08c685a89e2a487e7,"promo cuci gudang sepatu vans old skool hitam","toko sepatu pakde",Tangerang,60000,0,33,5,8,https://www.tokopedia.com/tokosepatupakde/promo-cuci-gudang-sepatu-vans-old-skool-hitam?whid=0,"Old Skool",tokopedia
613483b08c685a89e2a487e9,"SEPATU UKURAN 44 45 46 JUMBO BESAR VANS OLDSCOOL 30 CM - Hitam, 38",aydinasti,"Jakarta Selatan",145000,0,34,5,15,https://www.tokopedia.com/aydinasti/sepatu-ukuran-44-45-46-jumbo-besar-vans-oldscool-30-cm-hitam-38?whid=0,,tokopedia
613483b08c685a89e2a487ea,"Sepatu Vans Era Classic Save Our Planet White Black Premium BNIB","Shoes of Nada","Jakarta Timur",269000,0,6,5,2,https://www.tokopedia.com/shoesofnada/sepatu-vans-era-classic-save-our-planet-white-black-premium-bnib?whid=0,Era,tokopedia
613483b08c685a89e2a487ed,"PX Style sepatu kanvas (Vans - 179) - White, 42","One Shopers","Kabupaten Bekasi",69999,0,305,5,53,https://www.tokopedia.com/oneshopers/px-style-sepatu-kanvas-vans-179-white-42?whid=0,,tokopedia
613483b08c685a89e2a487ef,"Sepatu Vans Oldskool Pro BMX Larry Edgar Black Yellow 100% Original - Hitam, 10","Tambora Stuff","Jakarta Barat",1899000,0,3,5,3,https://www.tokopedia.com/tambora-stuff/sepatu-vans-oldskool-pro-bmx-larry-edgar-black-yellow-100-original-hitam-10?whid=0,"Old Skool",tokopedia
613483b08c685a89e2a487f3,"THE GOODS DEPT - VANS OLD SKOOL PLATFORM BLACK VN0A3B3UBKA - 42","The Goods Dept","Jakarta Selatan",1049000,0,4,5,3,https://www.tokopedia.com/thegoodsdept/the-goods-dept-vans-old-skool-platform-black-vn0a3b3ubka-42?whid=0,"Old Skool",tokopedia
613483b08c685a89e2a487f8,"VANS AUTHENTIC SEPATU SNEAKERS SIZE 46 47 48 49 UKURAN BESAR RAKSASA - Black White, 49",KAKIGEDE,Depok,850000,0,32,5,18,https://www.tokopedia.com/kakigede/vans-authentic-sepatu-sneakers-size-46-47-48-49-ukuran-besar-raksasa-black-white-49?whid=0,Authentic,tokopedia
613483b08c685a89e2a487fa,"sepatu ukuran 47 46 45 44 Vans Full balck polos ukuran besar jumbo ! - Hitam, 47",aydinasti,"Jakarta Selatan",295000,0,20,4,13,https://www.tokopedia.com/aydinasti/sepatu-ukuran-47-46-45-44-vans-full-balck-polos-ukuran-besar-jumbo-hitam-47?whid=0,,tokopedia
613483b08c685a89e2a487fb,"Sepatu Sneakers Pria Vans Old Skool Bw Casual Kets GRATIS 1KAOS KAKI - Hitam, 40","TikhaNaDian Store","Kabupaten Bandung",55000,0,126,4,66,https://www.tokopedia.com/tikanadianstore/sepatu-sneakers-pria-vans-old-skool-bw-casual-kets-gratis-1kaos-kaki-hitam-40?whid=0,"Old Skool",tokopedia
613483b08c685a89e2a487fc,"Sepatu Vans Old Skool Social Distortion Black","WAROENG SNEAKERS","Jakarta Utara",420000,0,5,5,2,https://www.tokopedia.com/warsneaks/sepatu-vans-old-skool-social-distortion-black?whid=0,"Old Skool",tokopedia
613483b08c685a89e2a487fd,"Sepatu Vans Slip On X-Ray Bones Leather Black Original 100% BNIB!","Toko Adidas Original","Tangerang Selatan",999000,0,4,5,3,https://www.tokopedia.com/tokoadidasori/sepatu-vans-slip-on-x-ray-bones-leather-black-original-100-bnib?whid=0,Slip-on,tokopedia
613483b08c685a89e2a487fe,"Vans Sepatu Sneakers Pria Wanita Motif Koran Premium - 38","Ezelis Store","Kabupaten Tangerang",65000,0,24,5,14,https://www.tokopedia.com/ezelisstore/vans-sepatu-sneakers-pria-wanita-motif-koran-premium-38?whid=0,,tokopedia
613483b08c685a89e2a487ff,"sepatu vans authentic sepatu vans premium - Hitam, 38","lexsnoe shoes","Kabupaten Tangerang",139000,0,92,5,42,https://www.tokopedia.com/lexsnoe/sepatu-vans-authentic-sepatu-vans-premium-hitam-38?whid=0,Authentic,tokopedia
613483b08c685a89e2a48801,"Sepatu Vans | Vans Style 36 Decon SF Woven Checkerboard Multicolor |","Two Ways True","Tangerang Selatan",850000,0,3,4,3,https://www.tokopedia.com/twowaystrue/sepatu-vans-vans-style-36-decon-sf-woven-checkerboard-multicolor?whid=0,Checkerboard,tokopedia
613483b08c685a89e2a48803,"SEPATU VANS ERA AUTHENTIC SEPATU KETS SEKOLAH KULIAH KERJA - Biru, 36","NAF SHOES","Kabupaten Tangerang",55000,0,508,5,257,https://www.tokopedia.com/nafshoes888/sepatu-vans-era-authentic-sepatu-kets-sekolah-kuliah-kerja-biru-36?whid=0,Era,tokopedia
613483b08c685a89e2a48805,"Sepatu Vans X Spongebob Era Best Friend | BNIB Original Resmi - 35","Will Goods",Bekasi,1999000,0,7,5,5,https://www.tokopedia.com/willgoodsid/sepatu-vans-x-spongebob-era-best-friend-bnib-original-resmi-35?whid=0,Era,tokopedia
613483b08c685a89e2a48806,"Sepatu Vans OG Slip On 47 DX Anaheim Factory Murah","Joss & Co.","Jakarta Selatan",1599900,0,8,5,7,https://www.tokopedia.com/jossandco/sepatu-vans-og-slip-on-47-dx-anaheim-factory-murah?whid=0,Slip-on,tokopedia
613483b08c685a89e2a48808,"SEPATU VANS ORIGINAL | VANS ERA OUROBOROS ORIGINAL RESMI - 36",wellstuff_original,"Tangerang Selatan",760000,0,2,5,2,https://www.tokopedia.com/wellstufforg/sepatu-vans-original-vans-era-ouroboros-original-resmi-36?whid=0,Era,tokopedia
613483b08c685a89e2a48809,"SEPATU VANS OLD SKOOL VINTAGE GRAND CASUAL TRENDY HIGH QUALITY PREMIUM - IJONAVYREDYELOW, 39",brosneakers,Bandung,175000,0,101,5,55,https://www.tokopedia.com/brosneakers/sepatu-vans-old-skool-vintage-grand-casual-trendy-high-quality-premium-ijonavyredyelow-39?whid=0,"Old Skool",tokopedia
613483b08c685a89e2a4880c,"Sepatu Vans Sk8 Hi Black White HIgh DT Premium","Fresh Banana","Jakarta Selatan",269000,0,317,4,152,https://www.tokopedia.com/freshbanana/sepatu-vans-sk8-hi-black-white-high-dt-premium?whid=0,SK8-Hi,tokopedia
613483b08c685a89e2a4880f,"Sepatu Vans Slip On Slipon Classic DT Full All Black Hitam Premium","Fresh Banana","Jakarta Selatan",259000,0,66,4,34,https://www.tokopedia.com/freshbanana/sepatu-vans-slip-on-slipon-classic-dt-full-all-black-hitam-premium?whid=0,Slip-on,tokopedia
613483b08c685a89e2a48812,"Vans Sk8 zipper sepatu vans sk8 hi zip sneakers pria","Keen sneakers","Jakarta Selatan",345000,0,2,4,2,https://www.tokopedia.com/keensneakers/vans-sk8-zipper-sepatu-vans-sk8-hi-zip-sneakers-pria?whid=0,SK8-Hi,tokopedia
613483b08c685a89e2a48817,"SEPATU UKURAN JUMBO VANS OLD SKOOL 44 45 46",findingshoesjakarta,Bekasi,135000,0,8,5,5,https://www.tokopedia.com/findsh/sepatu-ukuran-jumbo-vans-old-skool-44-45-46?whid=0,"Old Skool",tokopedia
613483b08c685a89e2a48819,"VANS OFF THE WALL | OLD SKOOL NAVY | SEPATU - 40.5","FRIDAY KILLER CO","Kabupaten Pamekasan",719200,20,6,5,4,https://www.tokopedia.com/fridaykillerco/vans-off-the-wall-old-skool-navy-sepatu-40-5?whid=0,"Old Skool",tokopedia
613483b08c685a89e2a4881a,"Sepatu Vans Authentic Gum Black/ Hitam Gum - Abu, 43",ayemshop,"Jakarta Barat",130000,0,80,4,37,https://www.tokopedia.com/ayemshop/sepatu-vans-authentic-gum-black-hitam-gum-abu-43?whid=0,Authentic,tokopedia
613483b08c685a89e2a4881b,"SEPATU VANS OLD SKOOL OG OFF THE WALL VELCRO PEREKAT HITAM PUTIH - hitam putih, 36",4SDOnlineshop,"Jakarta Selatan",120000,0,24,4,19,https://www.tokopedia.com/4sdonlineshop/sepatu-vans-old-skool-og-off-the-wall-velcro-perekat-hitam-putih-hitam-putih-36?whid=0,"Old Skool",tokopedia
613483b08c685a89e2a4881d,"Sepatu Vans Old school Velcro doebel poksing Waffel DT - 39",dsd_store08,Depok,125000,0,13,5,8,https://www.tokopedia.com/dsdstore08/sepatu-vans-old-school-velcro-doebel-poksing-waffel-dt-39?whid=0,,tokopedia
613483b08c685a89e2a4881e,"Sepatu Vans Slip On X Ray Bones Leather Black ORIGINAL 100% BNIB!","Loker Sepatu Original","Jakarta Selatan",929000,0,0,0,0,https://www.tokopedia.com/lokersepatuori/sepatu-vans-slip-on-x-ray-bones-leather-black-original-100-bnib?whid=0,Slip-on,tokopedia
613483b08c685a89e2a48821,"Sepatu Casual Vans slip on premium riel picture - Hitam, 36",fitrisneakers,"Kabupaten Tangerang",100000,0,48,5,31,https://www.tokopedia.com/fitrisneakers/sepatu-casual-vans-slip-on-premium-riel-picture-hitam-36?whid=0,Slip-on,tokopedia
613483b08c685a89e2a48823,"Sepatu Vans Oldskool X Nintendo Console Controller Grey - 36.5","NEW ANGGOANS",Bandung,378000,0,29,5,11,https://www.tokopedia.com/new-anggoans/sepatu-vans-oldskool-x-nintendo-console-controller-grey-36-5?whid=0,"Old Skool",tokopedia
613483b08c685a89e2a48824,"sepatu Vans Oldskool BW","Dani Shoes",Surabaya,75000,0,38,5,24,https://www.tokopedia.com/danishoes/sepatu-vans-oldskool-bw?whid=0,"Old Skool",tokopedia
613483b08c685a89e2a48825,"Sepatu Vans Replika Hitam Polos | Sepatu Sekolah Hitam - Hitam","The Master Collections",Tangerang,56000,0,189,5,71,https://www.tokopedia.com/themastershop/sepatu-vans-replika-hitam-polos-sepatu-sekolah-hitam-hitam?whid=0,,tokopedia
613483b08c685a89e2a48826,"SEPATU VANS OLD SKOOL VAULT OG RAINBOW - 36",bayualkahfi23,Bekasi,123000,0,12,5,10,https://www.tokopedia.com/bayualkahfi/sepatu-vans-old-skool-vault-og-rainbow-36?whid=0,"Old Skool",tokopedia
613483b08c685a89e2a48827,"Sepatu Original Vans Old Skool Retro Block Pepsi Cola BNIB","Mye Shoes","Jakarta Selatan",500000,0,1,5,1,https://www.tokopedia.com/myeshoes/sepatu-original-vans-old-skool-retro-block-pepsi-cola-bnib?whid=0,"Old Skool",tokopedia
613483b08c685a89e2a48828,"Sepatu Vans Authentic California Classics - Merah",caki,"Kabupaten Tangerang",50000,0,68,5,25,https://www.tokopedia.com/trashbag/sepatu-vans-authentic-california-classics-merah?whid=0,Era,tokopedia
613483b08c685a89e2a4882e,"Sepatu Pria Big Size 44-46 & 39-43 slip on Vans OG black - Full Black, 39",Kitakitashoes,Bekasi,150000,0,8,5,6,https://www.tokopedia.com/kitakitashoes-1/sepatu-pria-big-size-44-46-39-43-slip-on-vans-og-black-full-black-39?whid=0,Slip-on,tokopedia
613483b08c685a89e2a48830,"Sepatu Wanita Kets Vans SP31 - Abu-abu, 37",BELENI,Depok,37900,0,196,5,78,https://www.tokopedia.com/beleni/sepatu-wanita-kets-vans-sp31-abu-abu-37?whid=0,,tokopedia
613483b08c685a89e2a48831,"Sepatu Pria Dewasa Vans Cacing 36-43 Hitam Trendy - Hitam, 36","Dede shoes15","Kabupaten Bogor",25500,0,22,4,9,https://www.tokopedia.com/dedeshoes15/sepatu-pria-dewasa-vans-cacing-36-43-hitam-trendy-hitam-36?whid=0,,tokopedia
613483b08c685a89e2a48832,"sepatu vans sk8 full black ukuran 36 - 45 size - Hitam, 36",aydinasti,"Jakarta Selatan",175000,0,4,5,3,https://www.tokopedia.com/aydinasti/sepatu-vans-sk8-full-black-ukuran-36-45-size-hitam-36?whid=0,,tokopedia
613483b08c685a89e2a48833,"SEPATU PRIA SNEAKERS VANS OLD SKOOL OFF THE WALL YELLOW",PrimaShoesBekasi,Bekasi,160000,0,2,5,2,https://www.tokopedia.com/primashoesbe/sepatu-pria-sneakers-vans-old-skool-off-the-wall-yellow?whid=0,"Old Skool",tokopedia
613483b08c685a89e2a48835,"Sepatu Kolaborasi VANS X MOONEYES / MOON Equipped SK8-HI - 8","Mooneyes Jakarta","Jakarta Selatan",2500000,0,10,5,6,https://www.tokopedia.com/mooneyesjakarta/sepatu-kolaborasi-vans-x-mooneyes-moon-equipped-sk8-hi-8?whid=0,SK8-Hi,tokopedia
613483b08c685a89e2a48836,"SEPATU PRIA SNEAKERS VANS OLDSHOOL CACING SEKOLAH KERJA TERLARIS - Hitam, 39","PABRIK SEPATU BANDUNG88","Kabupaten Bandung",45000,0,14,4,12,https://www.tokopedia.com/pabrik-1/sepatu-pria-sneakers-vans-oldshool-cacing-sekolah-kerja-terlaris-hitam-39?whid=0,,tokopedia
613483b08c685a89e2a48837,"SEPATU PRIA VANS AUTHENTIC BLACK WHITE With Box - 39",JackRepublic,Surabaya,67000,0,18,4,8,https://www.tokopedia.com/jackrepublic/sepatu-pria-vans-authentic-black-white-with-box-39?whid=0,Authentic,tokopedia
613483b08c685a89e2a48839,"Sepatu Vans Oldskool Off White Grey List Navy Premium BNIB","NEW ANGGOANS",Bandung,270000,0,15,5,8,https://www.tokopedia.com/new-anggoans/sepatu-vans-oldskool-off-white-grey-list-navy-premium-bnib?whid=0,"Old Skool",tokopedia
613483b08c685a89e2a4883b,"SEPATU KASUAL VANS SLIP ON SLIPON SLOP ABU FOX PUTIH - 40","NAF SHOES","Kabupaten Tangerang",55000,0,34,5,13,https://www.tokopedia.com/nafshoes888/sepatu-kasual-vans-slip-on-slipon-slop-abu-fox-putih-40?whid=0,Slip-on,tokopedia
613483b08c685a89e2a4883c,"vans pria / sneakers pria / sepatu vans / sepatu cowok / - vt. catur, 39",Mirzaarselan,"Kabupaten Kediri",50000,0,180,5,119,https://www.tokopedia.com/mirzaarselan/vans-pria-sneakers-pria-sepatu-vans-sepatu-cowok-vt-catur-39?whid=0,,tokopedia
613483b08c685a89e2a4883d,"VANS CHIMA PRO 2 SHOES - WHITE/WHITE - 39","Vella Supply","Tangerang Selatan",700000,0,0,0,0,https://www.tokopedia.com/vellasupply/vans-chima-pro-2-shoes-white-white-39?whid=0,,tokopedia
613483b08c685a89e2a48840,"Sepatu sport Vans clasic new black - Hitam, 39","DMC13 Store","Jakarta Timur",35000,0,892,5,443,https://www.tokopedia.com/dmc13/sepatu-sport-vans-clasic-new-black-hitam-39?whid=0,,tokopedia
613483b08c685a89e2a48842,"Sepatu Vans Era Authentic Hitam sepatu sekolah skater sepatu kasual - 36","NAF SHOES","Kabupaten Tangerang",55000,0,128,5,71,https://www.tokopedia.com/nafshoes888/sepatu-vans-era-authentic-hitam-sepatu-sekolah-skater-sepatu-kasual-36?whid=0,Era,tokopedia
613483b08c685a89e2a48844,"Sepatu Vans Sk8 Sk 8 Hi Black Navy Blue HIgh DT Premium Biru - 38","Ezelis Store","Kabupaten Tangerang",85000,0,46,4,20,https://www.tokopedia.com/ezelisstore/sepatu-vans-sk8-sk-8-hi-black-navy-blue-high-dt-premium-biru-38?whid=0,,tokopedia
613483b08c685a89e2a48845,"Sepatu Vans Slip On Classic Checkerboard 100% Original Global - BLACK WHITE, 37",Areba_store,"Jakarta Selatan",450000,0,90,5,47,https://www.tokopedia.com/anjarspor195/sepatu-vans-slip-on-classic-checkerboard-100-original-global-black-white-37?whid=0,Checkerboard,tokopedia
613483b08c685a89e2a48846,"sepatu vans / vans / sepatu pria / sepatu catur - catur, 39",Mirzaarselan,"Kabupaten Kediri",50000,0,254,5,162,https://www.tokopedia.com/mirzaarselan/sepatu-vans-vans-sepatu-pria-sepatu-catur-catur-39?whid=0,,tokopedia
613483b08c685a89e2a48847,"SEPATU VANS PRIA SNEAKERS CASUAL VANS MOTIF OLDSKOOL AUTHENTIC - 41","Ezelis Store","Kabupaten Tangerang",65000,0,145,5,68,https://www.tokopedia.com/ezelisstore/sepatu-vans-pria-sneakers-casual-vans-motif-oldskool-authentic-41?whid=0,Authentic,tokopedia
613483b08c685a89e2a48848,"SEPATU PRIA VANS OLDSKOOL OG RAINBOW BIG (SIZE 45-47)",suppliersepatu'bekasi,Bekasi,160000,0,2,5,2,https://www.tokopedia.com/sepatuanakmuda-1/sepatu-pria-vans-oldskool-og-rainbow-big-size-45-47?whid=0,"Old Skool",tokopedia
613483b08c685a89e2a48849,"(BUY 1 GET 1) BNIB VANS OLD SKOOL ORIGINAL CLASSIC/SEPATU VANS/SNEAKER - 35",Goritna,Surabaya,449000,0,19,5,9,https://www.tokopedia.com/goritna/buy-1-get-1-bnib-vans-old-skool-original-classic-sepatu-vans-sneaker-35?whid=0,"Old Skool",tokopedia
613483b08c685a89e2a4884b,"SEPATU VANS SK8 HI HIGH FULL RED ALL RED IMPORT BNIB ORIGINAL PREMIUM",official.ebelshop212,Bandung,310000,0,2,5,2,https://www.tokopedia.com/ebelshop212/sepatu-vans-sk8-hi-high-full-red-all-red-import-bnib-original-premium?whid=0,SK8-Hi,tokopedia
613483b08c685a89e2a4884c,"VANS OLDSKOOL PREMIUM DT / SEPATU COUPLE - Hitam, 44","sagayastore official","Kabupaten Tangerang",129900,0,192,5,99,https://www.tokopedia.com/sagayastore/vans-oldskool-premium-dt-sepatu-couple-hitam-44?whid=0,"Old Skool",tokopedia
613483b08c685a89e2a4884e,"Vans Authentic Full Black | Sepatu pria wanita | Sneaker murah + Box - Hitam, 37",aydinasti,"Jakarta Selatan",145000,0,7,5,4,https://www.tokopedia.com/aydinasti/vans-authentic-full-black-sepatu-pria-wanita-sneaker-murah-box-hitam-37?whid=0,Authentic,tokopedia
613483b08c685a89e2a4884f,"Sepatu Vans Style 36 x Reigning Champ Old Skool Grey BNIB Original PRM - Grey, 42","sneaker official member",Bandung,329000,0,5,5,3,https://www.tokopedia.com/sneakerofficial/sepatu-vans-style-36-x-reigning-champ-old-skool-grey-bnib-original-prm-grey-42?whid=0,"Old Skool",tokopedia
613483b08c685a89e2a48851,"SEPATU UKURAN 44 45 46 47 VANS OLDSCOOL HITAM LIS PUTIH BESAR JUMBO - Hitam, 38",aydinasti,"Jakarta Selatan",145000,0,181,5,99,https://www.tokopedia.com/aydinasti/sepatu-ukuran-44-45-46-47-vans-oldscool-hitam-lis-putih-besar-jumbo-hitam-38?whid=0,,tokopedia
613483b08c685a89e2a48855,"(2PCS = 1KG) VANS_99 OLDSKOOL HITAM NAVY MAROON GREY GRADE ORI PREMIUM",jackrepublic_sby,Surabaya,39900,58,1000,5,478,/(2PCS-1KG)-VANS_99-OLDSKOOL-HITAM-NAVY-MAROON-GREY-GRADE-ORI-PREMIUM-i.129226120.6161582085?ads_keyword=sepatu%20vans&adsid=24446270&campaignid=14488129&position=1,"Old Skool",shopee
613483b08c685a89e2a48858,"V4NS DOUBLE  POKSING  O.S OG PREMIUM IMPOR",kubilandri,"Kabupaten Tangerang",110000,45,352,5,201,/V4NS-DOUBLE-POKSING-O.S-OG-PREMIUM-IMPOR-i.70325473.4336876386?ads_keyword=wkdaelpmissisiht&adsid=17689934&campaignid=7115206&position=4,,shopee
613483b08c685a89e2a48859,"Sepatu Sneakers Old Skool Black White Vns slip on Motif catur bw Vans SK Delapan Low COD",nur_azizah_colection,"Kabupaten Tangerang",49400,5,997,5,452,/Sepatu-Sneakers-Old-Skool-Black-White-Vns-slip-on-Motif-catur-bw-Vans-SK-Delapan-Low-COD-i.347545594.4978724765?position=5,Slip-on,shopee
613483b08c685a89e2a4885a,"SEPATU VANS OLD SKOOL (GREED ORI)",wawan_shop,"Kabupaten Tangerang",48750,35,87000,5,38000,/SEPATU-VANS-OLD-SKOOL-(GREED-ORI)-i.18018345.6549373661?position=6,"Old Skool",shopee
613483b08c685a89e2a4885b,"COD PROMO SEPATU VANS OLDSKOOL HITAM MARON NAVY SIZE 36-44 TERLARIS",yostar.shoes,"Kabupaten Mojokerto",79800,16,59000,5,34000,/COD-PROMO-SEPATU-VANS-OLDSKOOL-HITAM-MARON-NAVY-SIZE-36-44-TERLARIS-i.328342490.3278083873?position=8,"Old Skool",shopee
613483b08c685a89e2a4885c,"SEPATU VANS SEKOLAH KASUAL HITAM OLDSKOOL /PUTIH PRIA LAKI COWOK VENS OLAHRAGA LARI RUNNING KEREN",rapayurapopo_82,"Jakarta Barat",65000,50,32000,5,16000,/SEPATU-VANS-SEKOLAH-KASUAL-HITAM-OLDSKOOL-PUTIH-PRIA-LAKI-COWOK-VENS-OLAHRAGA-LARI-RUNNING-KEREN-i.140582312.4136420587?position=10,"Old Skool",shopee
613483b08c685a89e2a4885d,"BIG SALE 9.9 sepatu pria VANS AUTHENTIC LX OG CLASSIC BLACK WHITE/ sepatu pria terbaru/sepatu kasual",maher_store,"Kabupaten Bogor",45000,10,3000,4,31,/BIG-SALE-9.9-sepatu-pria-VANS-AUTHENTIC-LX-OG-CLASSIC-BLACK-WHITE-sepatu-pria-terbaru-sepatu-kasual-i.315816074.8450415867?position=11,Authentic,shopee
613483b08c685a89e2a4885e,"sepatu Vans old skool Fetino sepatu kasual pria wanita // Autentik Fans / Vens Fatino",rapayurapopo_82,"Jakarta Barat",69000,37,31000,5,17000,/sepatu-Vans-old-skool-Fetino-sepatu-kasual-pria-wanita-Autentik-Fans-Vens-Fatino-i.140582312.3453393526?position=12,"Old Skool",shopee
613483b08c685a89e2a48863,"SNEAKERS TERMURAH DAN TERKEREN DI TAHUN 2021 SEPATU VANS NEW",fikrie_shop01,"Kabupaten Bogor",54450,45,24000,4,155,/SNEAKERS-TERMURAH-DAN-TERKEREN-DI-TAHUN-2021-SEPATU-VANS-NEW-i.428381132.8248685806?position=54,,shopee
613483b08c685a89e2a48864,"(BONUS SANDAL VANS) SEPATU VANS OLDSKOOL BLACK WHITE - SNEAKERS VANS OLD SKOOL PREMIUM MURAH - osbw1",kello_id,Surabaya,155000,56,7000,5,878,/(BONUS-SANDAL-VANS)-SEPATU-VANS-OLDSKOOL-BLACK-WHITE-SNEAKERS-VANS-OLD-SKOOL-PREMIUM-MURAH-osbw1-i.154702106.5258529245?ads_keyword=sepatu%20vans&adsid=23456499&campaignid=13857757&position=55,"Old Skool",shopee
613483b08c685a89e2a48865,"(BISA COD - FREE GANTUNGAN KUNCI) Sepatu Vans Authentic Black White - Sneakers Vans Authentic aubw",sneakersuper.co,Surabaya,145000,59,75000,5,26000,/(BISA-COD-FREE-GANTUNGAN-KUNCI)-Sepatu-Vans-Authentic-Black-White-Sneakers-Vans-Authentic-aubw-i.146772054.5560137521?ads_keyword=sepatu%20vans&adsid=23761327&campaignid=14057949&position=56,Authentic,shopee
613483b08c685a89e2a48866,"100% Import Vans Oldskool Ivory Black White",sandrisofficial,Cimahi,190000,46,24000,5,14000,/100-Import-Vans-Oldskool-Ivory-Black-White-i.133928344.2883864057?ads_keyword=sepatu%20vans&adsid=10496070&campaignid=6961299&position=57,"Old Skool",shopee
613483b08c685a89e2a48868,"(BONUS TOTE BAG / KAOS KAKI / PAPER BAG) SEPATU VANS OLDSKOOL CLASSIC BLACK WHITE - osbw",kello_id,Surabaya,136000,0,6000,5,464,/(BONUS-TOTE-BAG-KAOS-KAKI-PAPER-BAG)-SEPATU-VANS-OLDSKOOL-CLASSIC-BLACK-WHITE-osbw-i.154702106.9221505184?ads_keyword=sepatu%20vans&adsid=46703063&campaignid=28394469&position=60,"Old Skool",shopee
613483b08c685a89e2a48869,"Vans Old Skool original Sepatu Vans Original Sneakers Old School Premium",bhinekashop,"Kabupaten Bandung",115000,58,201,5,92,/Vans-Old-Skool-original-Sepatu-Vans-Original-Sneakers-Old-School-Premium-i.386203128.11217802558?ads_keyword=sepatu%20vans&adsid=55248905&campaignid=33582912&position=61,"Old Skool",shopee
613483b08c685a89e2a4886a,"Sepatu Sneakers Unisex PRIA WANITA TERLARIS SEPATU VANS OLD SKOOL BLACK WHITE CLASIC 001",kujanggrosirbandung,Bandung,161500,5,9,5,4,/Sepatu-Sneakers-Unisex-PRIA-WANITA-TERLARIS-SEPATU-VANS-OLD-SKOOL-BLACK-WHITE-CLASIC-001-i.429837088.11408390513?ads_keyword=wkdaelpmissisiht&adsid=54403819&campaignid=33128734&position=62,"Old Skool",shopee
613483b08c685a89e2a4886c,"Sepatu Oldskool Og Sneakers Pria Wanita Premium Import",rimbashop,"Kabupaten Tangerang",135000,46,15000,5,322,/Sepatu-Oldskool-Og-Sneakers-Pria-Wanita-Premium-Import-i.115671792.9814639493?ads_keyword=vans&adsid=37503159&campaignid=22628315&position=64,"Old Skool",shopee
613483b08c685a89e2a4886d,"VANS OLDSKOOL BLACKWHITE / VANS TERMURAH / VANS KEKINIAN / VANS TERBARU / SEPATU COUPLE",aleta_shopping,Surabaya,49800,17,176,5,100,/VANS-OLDSKOOL-BLACKWHITE-VANS-TERMURAH-VANS-KEKINIAN-VANS-TERBARU-SEPATU-COUPLE-i.6212608.6346851104?position=65,"Old Skool",shopee
613483b08c685a89e2a4886f,"Sepatu Vans Old Skool full black / sepatu sekolah / sepatu casual / sepatu skate / vans hitam polos",xiazevs,"Kabupaten Tangerang",51100,27,26000,5,14000,/Sepatu-Vans-Old-Skool-full-black-sepatu-sekolah-sepatu-casual-sepatu-skate-vans-hitam-polos-i.27952847.2123911025?position=67,"Old Skool",shopee
613483b08c685a89e2a48871,"TERMURAH!! SEPATU VANS SLIP ON CHECKERBOARD OG SNEAKRES TERMURAH SLIPON CATUR BW OLD SKOOL TERLARIS",diva.grosir,Tangerang,52000,65,75,5,31,/TERMURAH!!-SEPATU-VANS-SLIP-ON-CHECKERBOARD-OG-SNEAKRES-TERMURAH-SLIPON-CATUR-BW-OLD-SKOOL-TERLARIS-i.269536516.4390743972?position=69,Checkerboard,shopee
613483b08c685a89e2a48873,"NEW ARRIVAL!! SEPATU V4NS SLIP ON ASHLEY WILMS NEWS PAPER WHITE MOTIF KORAN",rizkyconverse,"Kabupaten Tangerang",134400,52,515,5,272,/NEW-ARRIVAL!!-SEPATU-V4NS-SLIP-ON-ASHLEY-WILMS-NEWS-PAPER-WHITE-MOTIF-KORAN-i.76454443.9428336196?position=71,Slip-on,shopee
613483b08c685a89e2a48874,"Sepatu Pria Kasual Vans Era Authentic Putih Size 36-43 Sepatu Kerja / Sepatu Sneakers Sepatu Wanita",suksesstore15,"Kabupaten Tangerang",60000,40,265,4,87,/Sepatu-Pria-Kasual-Vans-Era-Authentic-Putih-Size-36-43-Sepatu-Kerja-Sepatu-Sneakers-Sepatu-Wanita-i.269290992.3883296916?position=73,Era,shopee
613483b08c685a89e2a48875,"SEPATU VANS ZAPATO GREEN ARMY KUALITAS ORIGINAL PREMIUM BNIB WAFFLE DT",peronikafootwear,Bandung,175000,30,11,5,8,/SEPATU-VANS-ZAPATO-GREEN-ARMY-KUALITAS-ORIGINAL-PREMIUM-BNIB-WAFFLE-DT-i.103266705.8822905559?position=74,,shopee
613483b08c685a89e2a48877,"Sepatu Sneakers Pria Vans Authentic Era Hitam Putih Oldskool Sneakers Wanita",rizki_collectionn,"Kabupaten Bandung",132300,46,103,5,61,/Sepatu-Sneakers-Pria-Vans-Authentic-Era-Hitam-Putih-Oldskool-Sneakers-Wanita-i.333977623.7479142660?ads_keyword=sepatu%20vans%20authentic&adsid=36929119&campaignid=22287087&position=121,Era,shopee
613483b08c685a89e2a48878,"Sepatu Sneakers Pria Vans Old Skool Black White TANPA BOX",sepatu_slop,"Kabupaten Bandung",44000,56,23000,4,12000,/Sepatu-Sneakers-Pria-Vans-Old-Skool-Black-White-TANPA-BOX-i.15482688.1945979180?ads_keyword=sepatu%20vans&adsid=22485575&campaignid=13233187&position=122,"Old Skool",shopee
613483b08c685a89e2a4887b,"Sepatu Vans Venera Fullblack Sneakers Pria Wanita Sekolah Kerja Kuliah Warna Hitam Polos Traning",zahrashoes1,"Kabupaten Tangerang",54000,55,112,5,56,/Sepatu-Vans-Venera-Fullblack-Sneakers-Pria-Wanita-Sekolah-Kerja-Kuliah-Warna-Hitam-Polos-Traning-i.45200498.2617627581?position=125,Era,shopee
613483b08c685a89e2a4887c,"Sepatu Vans Kris Goto Cewek X Japan Lacey 72 Sepatu Vans Slip On Tali Zapato Sneakers Wanita Premium",legit_storejkt,"Kabupaten Tangerang",141000,53,26,5,15,/Sepatu-Vans-Kris-Goto-Cewek-X-Japan-Lacey-72-Sepatu-Vans-Slip-On-Tali-Zapato-Sneakers-Wanita-Premium-i.57178299.8875719312?position=126,Slip-on,shopee
613483b08c685a89e2a4887d,"SEPATU VANS OLDSCHOOL CLASIC / SEPATU SEKOLAH / SEPATU PRIA DAN SEPATU WANITA SIZE 36-44",safarinugraha,"Kabupaten Bandung",75000,0,128,5,83,/SEPATU-VANS-OLDSCHOOL-CLASIC-SEPATU-SEKOLAH-SEPATU-PRIA-DAN-SEPATU-WANITA-SIZE-36-44-i.146155972.5373596815?position=128,,shopee
613483b08c685a89e2a4887e,"MS Shoes - Sepatu Slip On Pria Vans Old Skhool Motif 3D Casual Selop Santai Cowo Kuliah Campuss",makmur.sepatu,"Kabupaten Bandung",75000,32,16000,4,407,/MS-Shoes-Sepatu-Slip-On-Pria-Vans-Old-Skhool-Motif-3D-Casual-Selop-Santai-Cowo-Kuliah-Campuss-i.295526831.7957709390?position=129,Slip-on,shopee
613483b08c685a89e2a4887f,"SEPATU VANS  OLDSKOOL PATTA OFFWHITE PREMIUM PRIA KEREN AUTHENTIC ICC DT SEPATU SNEAKERS",sepatubrandedbandung,Bandung,79920,20,19000,5,461,/SEPATU-VANS-OLDSKOOL-PATTA-OFFWHITE-PREMIUM-PRIA-KEREN-AUTHENTIC-ICC-DT-SEPATU-SNEAKERS-i.15717822.5628016484?position=130,Authentic,shopee
613483b08c685a89e2a48880,"SEPATU VANS OLD SKOOL BLACKWHITE GRADE ORI",footgear28,"Kabupaten Tangerang",125000,54,89000,5,18,/SEPATU-VANS-OLD-SKOOL-BLACKWHITE-GRADE-ORI-i.233760892.6795154807?position=131,"Old Skool",shopee
613483b08c685a89e2a48881,"COD Sepatu Vans Oldskool Bw N All White Sket Sekolah Olahraga Santai Sport Sneakers Murah 36-43",paradise57,Bandung,69000,8,452,5,235,/COD-Sepatu-Vans-Oldskool-Bw-N-All-White-Sket-Sekolah-Olahraga-Santai-Sport-Sneakers-Murah-36-43-i.198349579.6033399468?position=132,"Old Skool",shopee
613483b08c685a89e2a48884,"(BISA COD) 100% PREMIUM OLDSCHOOL BLACK WHITE",bdgshoes,Bandung,158000,1,64000,5,4000,/(BISA-COD)-100-PREMIUM-OLDSCHOOL-BLACK-WHITE-i.37180187.1914088885?ads_keyword=vans&adsid=8201431&campaignid=5917816&position=182,,shopee
613483b08c685a89e2a48885,"Sepatu Vans Oldskool Black White Size 36-44 Premium Quality Made In China",siddiksneakersjakarta,"Jakarta Selatan",129900,57,10000,5,63000,/Sepatu-Vans-Oldskool-Black-White-Size-36-44-Premium-Quality-Made-In-China-i.20467359.1431441191?ads_keyword=sepatu%20vans&adsid=1384611&campaignid=1384611&position=183,"Old Skool",shopee
613483b08c685a89e2a48887,"SEPATU018 VANS AUTHENTIC FULL BLACK HITAM COKLAT OLDSKOOL  PREMIUM BNIB ICC IFC DT",jaketwijaya,"Kabupaten Tangerang",50000,75,14000,4,669,/SEPATU018-VANS-AUTHENTIC-FULL-BLACK-HITAM-COKLAT-OLDSKOOL-PREMIUM-BNIB-ICC-IFC-DT-i.76536147.4220687502?ads_keyword=vans%20oldskool&adsid=54512581&campaignid=17047476&position=185,Authentic,shopee
613483b08c685a89e2a48888,"Sepatu Casual Cewek Korea Sepatu Canvas Wanita Sepatu Cewek VANS Fashion Trend 2021",chensheva,"Kabupaten Gresik",159000,50,93,5,42,/Sepatu-Casual-Cewek-Korea-Sepatu-Canvas-Wanita-Sepatu-Cewek-VANS-Fashion-Trend-2021-i.47458128.8507043648?position=186,,shopee
613483b08c685a89e2a4888a,"VANS SLIP ON MICHAEL FEBRUARY PREMIUM BNIB UNISEX // SEPATU SANTAI CASUAL PRIA WANITA",shoes.store_jkt,"Jakarta Selatan",125000,8,13000,5,87,/VANS-SLIP-ON-MICHAEL-FEBRUARY-PREMIUM-BNIB-UNISEX-SEPATU-SANTAI-CASUAL-PRIA-WANITA-i.408487886.9132527598?position=188,Slip-on,shopee
613483b08c685a89e2a4888b,"Sepatu Sneakers / Sepatu Vans Oldskool Cream & White BNIB",expert.mart,Tangerang,110000,51,37000,5,33,/Sepatu-Sneakers-Sepatu-Vans-Oldskool-Cream-White-BNIB-i.379643306.8718078282?position=190,"Old Skool",shopee
613483b08c685a89e2a4888c,"Vans Sk8 Hi Classics Bw 100 % Original Made In China DT BNIB ORIGINAL MONEYBACK",sneakerslegend,"Kabupaten Bandung Barat",500000,17,842,5,607,/Vans-Sk8-Hi-Classics-Bw-100-Original-Made-In-China-DT-BNIB-ORIGINAL-MONEYBACK-i.61641951.1600544440?position=191,SK8-Hi,shopee
613483b08c685a89e2a4888d,"Sepatu Vans Authentic MONO MAROON GUM Size 39-43 Grade Original Made In China With Box",siddiksneakersjakarta,"Jakarta Selatan",129900,57,295,5,188,/Sepatu-Vans-Authentic-MONO-MAROON-GUM-Size-39-43-Grade-Original-Made-In-China-With-Box-i.20467359.2306837398?position=192,Authentic,shopee
613483b08c685a89e2a4888e,"(BISA COD) Sepatu Vans OldSkool Premium - Vans Full black - Sepatu Vans  - Sepatu Casual",ridwan101092,"Kabupaten Bekasi",139000,39,535,5,320,/(BISA-COD)-Sepatu-Vans-OldSkool-Premium-Vans-Full-black-Sepatu-Vans-Sepatu-Casual-i.107251241.5220610450?position=193,"Old Skool",shopee
613483b08c685a89e2a4888f,"Sepatu Vans Slip On X Moma Made in China",boots_colection,Tangerang,145000,42,6000,5,12,/Sepatu-Vans-Slip-On-X-Moma-Made-in-China-i.462216525.3591777784?position=194,Slip-on,shopee
613483b08c685a89e2a48891,"SNEAKYPAIR Elthea Sepatu Wanita Kanvas Canvas Shoes FBC  SNP1176 - R44&R9",sneakypairofficial,Bandung,199000,39,453,5,293,/SNEAKYPAIR-Elthea-Sepatu-Wanita-Kanvas-Canvas-Shoes-FBC-SNP1176-R44-R9-i.143972192.8970167259?ads_keyword=sepatu%20converse&adsid=53317119&campaignid=32517011&position=241,,shopee
613483b08c685a89e2a48892,"sepatu Vans old skool Fetino sepatu kasual pria wanita // Autentik Fans / Vens Fatino / sepatu cowok",winiofficial,"Kabupaten Mojokerto",43900,0,905,4,177,/sepatu-Vans-old-skool-Fetino-sepatu-kasual-pria-wanita-Autentik-Fans-Vens-Fatino-sepatu-cowok-i.414567924.3490282311?ads_keyword=sepatu&adsid=49364362&campaignid=30102986&position=242,"Old Skool",shopee
613483b08c685a89e2a48893,"COD Sepatu Vans Oldskool Bw N All White Sket Sekolah Olahraga Santai Sport Sneakers - vans patta",barcelona85,Bandung,92500,26,341,4,174,/COD-Sepatu-Vans-Oldskool-Bw-N-All-White-Sket-Sekolah-Olahraga-Santai-Sport-Sneakers-vans-patta-i.38330666.5339695385?ads_keyword=sepatu%20vans%20old&adsid=11973605&campaignid=7619753&position=243,"Old Skool",shopee
613483b08c685a89e2a48894,"SEPATU PRIA/WANITA VANS OLD SKOOL BLACK WHITE OG 100% PREMIUM BNIB IMPORT MADE IN CHINA COD",gio_shoes.id,"Kabupaten Bandung",208000,20,11000,5,6,/SEPATU-PRIA-WANITA-VANS-OLD-SKOOL-BLACK-WHITE-OG-100-PREMIUM-BNIB-IMPORT-MADE-IN-CHINA-COD-i.380019536.3478631795?position=245,"Old Skool",shopee
613483b08c685a89e2a48896,"Vans Old Skool Retro Block Pepsi Cola Original BNIB Pria",vanstuff,"Jakarta Selatan",120,0,450,0,0,/Vans-Old-Skool-Retro-Block-Pepsi-Cola-Original-BNIB-Pria-i.492508077.8687357397?position=247,"Old Skool",shopee
613483b08c685a89e2a48898,"Vans Era Tiger Patchwork Original Bnib Global Market Cowo Cewe",vanstuff,"Jakarta Selatan",120,0,550,5,1,/Vans-Era-Tiger-Patchwork-Original-Bnib-Global-Market-Cowo-Cewe-i.492508077.9087346581?position=249,Era,shopee
613483b08c685a89e2a4889a,"SEPATU WANITA VANS OFF THE WALL VELCRO",sumani_store,"Jakarta Selatan",120000,0,490,5,1,/SEPATU-WANITA-VANS-OFF-THE-WALL-VELCRO-i.508195253.11125159511?position=251,,shopee
613483b08c685a89e2a4889c,"Vans Slip On Checkerboard PRO Black White Couple Pria dan Wanita Original BNIB",vanstuff,"Jakarta Selatan",120,0,500,5,1,/Vans-Slip-On-Checkerboard-PRO-Black-White-Couple-Pria-dan-Wanita-Original-BNIB-i.492508077.8587357512?position=253,Checkerboard,shopee
613483b08c685a89e2a4889d,"Vans Spicoli 4 Shades Clear Black",seven.goods,"Kabupaten Gunung Kidul",199999,27,160,5,88,/Vans-Spicoli-4-Shades-Clear-Black-i.187770386.6020779988?position=254,,shopee
613483b08c685a89e2a4889e,"Vans Original SK8 Low Black White Garansi Ori Barcode Tembus",vanspediaa,Bekasi,375000,38,263,5,87,/Vans-Original-SK8-Low-Black-White-Garansi-Ori-Barcode-Tembus-i.28310653.3291470893?ads_keyword=vans&adsid=57815879&campaignid=34996209&position=300,,shopee
613483b08c685a89e2a488a1,"Sepatu Vans Authentic Hitam Gum Premium Quality Waffle DT",kios.kita,"Jakarta Barat",127500,15,21000,5,12000,/Sepatu-Vans-Authentic-Hitam-Gum-Premium-Quality-Waffle-DT-i.6325227.198693535?ads_keyword=sepatu%20vans&adsid=576262&campaignid=576262&position=303,Authentic,shopee
613483b08c685a89e2a488a2,"Sepatu Sneakers Casual pria wanita pendek & boots 36-43",sepatu_santai,Surabaya,67200,4,82000,5,41000,/Sepatu-Sneakers-Casual-pria-wanita-pendek-boots-36-43-i.293821398.5446361978?ads_keyword=sepatu&adsid=15882975&campaignid=9467294&position=304,,shopee
613483b08c685a89e2a488a3,"vans the simpsons sepatu slip on berdineshoe",berdineshoe,Surabaya,158000,21,400,5,1,/vans-the-simpsons-sepatu-slip-on-berdineshoe-i.19827982.11830208499?position=305,Slip-on,shopee
613483b08c685a89e2a488a6,"SEPATU VANS SLIP ON OG CHECKERBOARD OFF WHITE BLACK BNIB",rindi.storee,"Jakarta Selatan",30000,0,704,5,2,/SEPATU-VANS-SLIP-ON-OG-CHECKERBOARD-OFF-WHITE-BLACK-BNIB-i.469777190.9771290871?position=308,Checkerboard,shopee
613483b08c685a89e2a488a7,"SEPATU VANS AUTHENTIC SNEAKEARS HITAM PUTIH TULANG PREMIUM BNIB ICC IFC DT",albilastar33,Bandung,85000,53,63,5,40,/SEPATU-VANS-AUTHENTIC-SNEAKEARS-HITAM-PUTIH-TULANG-PREMIUM-BNIB-ICC-IFC-DT-i.32242690.1964752756?position=309,Authentic,shopee
613483b08c685a89e2a488a8,"(FREE GIFT !!!) VANS SLIP ON CLASSIC CHECKERBOARD BLACK WHITE WAFFLE DT GRADE ORI BNIB",adam.novrizal,Bekasi,120000,0,2000,5,5,/(FREE-GIFT-!!!)-VANS-SLIP-ON-CLASSIC-CHECKERBOARD-BLACK-WHITE-WAFFLE-DT-GRADE-ORI-BNIB-i.113874130.10610088597?position=310,Checkerboard,shopee
613483b08c685a89e2a488a9,"sepatu wanita vans oldscol putih polos sepatu sneakers unisek pria wanita",dayana_sport,"Kabupaten Tangerang",70000,30,1000,5,3,/sepatu-wanita-vans-oldscol-putih-polos-sepatu-sneakers-unisek-pria-wanita-i.383672776.3780992288?position=311,,shopee
613483b08c685a89e2a488aa,"Vans Style 36 Decon Sf Black White Original BNIBWT Global Market",vanstuff,"Jakarta Selatan",120,0,450,0,0,/Vans-Style-36-Decon-Sf-Black-White-Original-BNIBWT-Global-Market-i.492508077.8787346798?position=312,,shopee
613483b08c685a89e2a488ac,"Vans Oldskool Classic Black White VANS OS BW BNIB DT ORIGINAL 100% Vans X MoMa Comfcush Old Skool",sneakers.super_colection,"Kabupaten Tangerang",57950,39,0,0,0,/Vans-Oldskool-Classic-Black-White-VANS-OS-BW-BNIB-DT-ORIGINAL-100-Vans-X-MoMa-Comfcush-Old-Skool-i.280171296.6540371566?position=314,"Old Skool",shopee
613483b08c685a89e2a488ad,"VANS OLDSKOOL CLASIC BLACK/WHITE 100% ORIGINAL (VN000D3HY28)TERMURAH!",401sneaker,"Tangerang Selatan",575000,0,631,5,4,/VANS-OLDSKOOL-CLASIC-BLACK-WHITE-100-ORIGINAL-(VN000D3HY28)TERMURAH!-i.140241494.10127722657?position=360,"Old Skool",shopee
613483b08c685a89e2a488ae,"Promo Sepatu vans018 motif Lumer sekolah sepatu hitam putih autentic sepatu kets terbaru (COD)",jaketwijaya,"Kabupaten Tangerang",60000,70,625,4,337,/Promo-Sepatu-vans018-motif-Lumer-sekolah-sepatu-hitam-putih-autentic-sepatu-kets-terbaru-(COD)-i.76536147.7417826517?position=361,,shopee
613483b08c685a89e2a488af,"VANS STYLE 36 DECON SF MARSHMALLOW ORIGINAL | Sepatu Vans Putih | Vans White Original",clawstore.sneak,"Jakarta Selatan",550000,0,159,5,54,/VANS-STYLE-36-DECON-SF-MARSHMALLOW-ORIGINAL-Sepatu-Vans-Putih-Vans-White-Original-i.232020050.6942326487?position=362,,shopee
613483b08c685a89e2a488b0,"SEPATU VANS OLD SCOOLL",lodaya290183,"Kabupaten Bandung",52500,42,386,5,208,/SEPATU-VANS-OLD-SCOOLL-i.4095539.4820956367?position=363,,shopee
613483b08c685a89e2a488b1,"Vans Spicoli 4 Shades Black",seven.goods,"Kabupaten Gunung Kidul",175000,30,37,5,22,/Vans-Spicoli-4-Shades-Black-i.187770386.4720899677?position=364,,shopee
613483b08c685a89e2a488b2,"COD PROMO SEPATU VANS OLDSKOOL MARON SEPATU PRIA WANITA SEPATU SEKOLAH SEPATU KERJA SEPATU CASUAL",yostar.shoes,"Kabupaten Mojokerto",79800,16,68,5,38,/COD-PROMO-SEPATU-VANS-OLDSKOOL-MARON-SEPATU-PRIA-WANITA-SEPATU-SEKOLAH-SEPATU-KERJA-SEPATU-CASUAL-i.328342490.7077950276?position=365,"Old Skool",shopee
613483b08c685a89e2a488b3,"Sepatu Vans Old Skool Hitam Putih Sepatu Sneakers Pria Wanita Sepatu Sekolah Kualitas Premium",amdstore99,"Jakarta Selatan",74900,12,10000,5,96,/Sepatu-Vans-Old-Skool-Hitam-Putih-Sepatu-Sneakers-Pria-Wanita-Sepatu-Sekolah-Kualitas-Premium-i.230838228.3192631170?position=366,"Old Skool",shopee
613483b08c685a89e2a488b5,"TALI SEPATUVANS  WIDE SHOELACES 120 CM 150 CM  TALI SEPATU PRIA SEPATU WANITA",sneakerpremium,"Kabupaten Tangerang",8850,41,65,5,23,/TALI-SEPATUVANS-WIDE-SHOELACES-120-CM-150-CM-TALI-SEPATU-PRIA-SEPATU-WANITA-i.362825814.7971945827?position=368,,shopee
613483b08c685a89e2a488b6,"SEPATU VANS/sepatusnakres/sepatusantai/sepatujalan-jalan/sepatukeren/sepatubagus/running",sanosports,"Kabupaten Mojokerto",67500,0,752,5,453,/SEPATU-VANS-sepatusnakres-sepatusantai-sepatujalan-jalan-sepatukeren-sepatubagus-running-i.164481612.2529661354?position=369,,shopee
613483b08c685a89e2a488b7,"SEPATU VANS ORIGINAL | VANS STYLE 36 DECON SF V66 MARSHMALLOW | VANS ORIGINAL | VANS OLDSKOOL",clawstore.sneak,"Jakarta Selatan",699000,27,139,5,33,/SEPATU-VANS-ORIGINAL-VANS-STYLE-36-DECON-SF-V66-MARSHMALLOW-VANS-ORIGINAL-VANS-OLDSKOOL-i.232020050.6838730009?position=370,"Old Skool",shopee
613483b08c685a89e2a488b8,"100% Import Vans Slip on Checkerboard Classic Sepatu Kasual Pria Wanita Sneakers Casual",empostore,Tangerang,175000,50,19000,5,45,/100-Import-Vans-Slip-on-Checkerboard-Classic-Sepatu-Kasual-Pria-Wanita-Sneakers-Casual-i.19080414.3363813050?position=371,Checkerboard,shopee
613483b08c685a89e2a488b9,"Vans Autentik Grey Solblack made in china",annisaoctavia07,"Kabupaten Tangerang",135000,0,60,5,34,/Vans-Autentik-Grey-Solblack-made-in-china-i.94496692.1897192284?position=372,,shopee
613483b08c685a89e2a488ba,"Siap Kirim Sepatu VaNs Oldskool Bw N All White Sket Sekolah Olahraga Santai Sport Murah Vens",rapayurapopo_82,"Jakarta Barat",84500,44,49,5,25,/Siap-Kirim-Sepatu-VaNs-Oldskool-Bw-N-All-White-Sket-Sekolah-Olahraga-Santai-Sport-Murah-Vens-i.140582312.7360339641?position=373,"Old Skool",shopee
613483b08c685a89e2a488bc,"VANS AUTENTIC FULL WHITE | WAFFLE DT VANS OLD SKOOL VANS AUTHENTIC SEPATU KASUAL PRIA SNEAKERSWANITA",pusat.sepatu.murah.tangerang,"Kabupaten Tangerang",52000,57,34,4,19,/VANS-AUTENTIC-FULL-WHITE-WAFFLE-DT-VANS-OLD-SKOOL-VANS-AUTHENTIC-SEPATU-KASUAL-PRIA-SNEAKERSWANITA-i.290027028.4952315945?position=420,Authentic,shopee
613483b08c685a89e2a488be,"Sepatu Vans Old Skull / Cheker Board / Fetino (ifc) Best Quality Spatu vens Era Fetino Motif fatino",rapayurapopo_82,"Jakarta Barat",69000,43,106,5,64,/Sepatu-Vans-Old-Skull-Cheker-Board-Fetino-(ifc)-Best-Quality-Spatu-vens-Era-Fetino-Motif-fatino-i.140582312.8410298510?position=422,Era,shopee
613483b08c685a89e2a488c0,"(BISA COD) VANS OLDSKOOL REIGNING CHAMP GREY GREY PREMIUM DT BNIB / VANS OLDSKOOL PREMIUM BNIB",etg_shop,"Jakarta Barat",310000,38,52,5,33,/(BISA-COD)-VANS-OLDSKOOL-REIGNING-CHAMP-GREY-GREY-PREMIUM-DT-BNIB-VANS-OLDSKOOL-PREMIUM-BNIB-i.214204017.4964361922?position=424,"Old Skool",shopee
613483b08c685a89e2a488c2,"SEPATU VENS OLDSKOOL OFF WHITE MAROON BLACKSK 8 VANS CLASSICS NATURAL BERKUALITAS",greenlakestore,Tangerang,70000,41,96,5,54,/SEPATU-VENS-OLDSKOOL-OFF-WHITE-MAROON-BLACKSK-8-VANS-CLASSICS-NATURAL-BERKUALITAS-i.123101900.9010252923?position=426,"Old Skool",shopee
613483b08c685a89e2a488c3,"Flash Sale Vans Old Skool Black White Original | Vans Comfycush | Vans Oldskool Original 100%",clawstore.sneak,"Jakarta Selatan",750000,22,93,5,19,/Flash-Sale-Vans-Old-Skool-Black-White-Original-Vans-Comfycush-Vans-Oldskool-Original-100--i.232020050.3947013565?position=427,"Old Skool",shopee
613483b08c685a89e2a488c5,"Vans Slip On Comfycush Checkerboard 100% Original BNIB",14sneakersbdg,Bandung,625000,0,73,5,23,/Vans-Slip-On-Comfycush-Checkerboard-100-Original-BNIB-i.92969818.3617142934?position=430,Checkerboard,shopee
613483b08c685a89e2a488c6,"SEPATU VANS PRIA AUTHENTIC SNEAKERS OLDSKOOL MARIO RASTA MOTIF CASUAL SEPATU TERMURAH V01",warbud_collection,"Kabupaten Bandung",79999,38,236,5,19,/SEPATU-VANS-PRIA-AUTHENTIC-SNEAKERS-OLDSKOOL-MARIO-RASTA-MOTIF-CASUAL-SEPATU-TERMURAH-V01-i.55903108.2447896063?position=431,Authentic,shopee
613483b08c685a89e2a488c7,"SEPATU REVENGE X STROM BLACK WHITE ORIGINAL PK",mutia_liharti,"Kabupaten Tangerang",75000,25,1000,5,2,/SEPATU-REVENGE-X-STROM-BLACK-WHITE-ORIGINAL-PK-i.399594933.2927324097?position=432,,shopee
613483b08c685a89e2a488c9,"Sepatu Vans Sneakers Vans Oldskool Hitam Putih Sepatu Sneakers Cacing Fashionable 2020 - Syafid13",syafid13,"Kabupaten Tangerang",65000,48,32,5,17,/Sepatu-Vans-Sneakers-Vans-Oldskool-Hitam-Putih-Sepatu-Sneakers-Cacing-Fashionable-2020-Syafid13-i.128941961.2612064052?position=434,"Old Skool",shopee
613483b08c685a89e2a488cb,"(BISA COD) Sepatu  Vans OldSkool Premium - Sepatu Import - Sepatu Sekolah  - Sepatu Casual",ridwan101092,"Kabupaten Bekasi",132000,5,98,5,61,/(BISA-COD)-Sepatu-Vans-OldSkool-Premium-Sepatu-Import-Sepatu-Sekolah-Sepatu-Casual-i.107251241.3529457675?position=482,"Old Skool",shopee
613483b08c685a89e2a488cd,"DISC 50% SEPATU VANS x GOLF WANG BLACK GUM HITAM COKLAT OLDSKOOL ERA SK8 China",radjasneakers,Bandung,207000,0,124,5,74,/DISC-50-SEPATU-VANS-x-GOLF-WANG-BLACK-GUM-HITAM-COKLAT-OLDSKOOL-ERA-SK8-China-i.104946154.2678136927?position=484,Era,shopee
613483b08c685a89e2a488cf,"VANS OLDSKOOL sepatu sekolah sepatu sneakers oldskool hitam putih",sepatu.casual,Bandung,52250,5,21000,4,11000,/VANS-OLDSKOOL-sepatu-sekolah-sepatu-sneakers-oldskool-hitam-putih-i.15472399.1948740549?position=486,"Old Skool",shopee
613483b08c685a89e2a488d1,"VANS ORIGINAL AUTHENTIC COMFYCUSH BLACK/WHITE",frigo.id,"Jakarta Selatan",675500,29,20,5,11,/VANS-ORIGINAL-AUTHENTIC-COMFYCUSH-BLACK-WHITE-i.216875785.5568312633?position=488,Authentic,shopee
613483b08c685a89e2a488d2,"Vans Oldskool OG Japan Market Black/White , Flash Sale , Kualitas Terbaik",idworldshop,Bandung,150000,0,71,5,48,/Vans-Oldskool-OG-Japan-Market-Black-White-Flash-Sale-Kualitas-Terbaik-i.775209.7354115062?position=490,"Old Skool",shopee
613483b08c685a89e2a488d4,"VANS OLD SKOOL DX ANAHEIM BLACK WHITE",littlefootyk,"Kabupaten Sleman",897000,31,97,5,50,/VANS-OLD-SKOOL-DX-ANAHEIM-BLACK-WHITE-i.137844399.7923908653?position=492,"Old Skool",shopee
613483b08c685a89e2a488d5,"Vans Old Skool Style 36 Decon Sf V66 Marshmallow",primt.store,"Kabupaten Cianjur",700000,30,74,5,56,/Vans-Old-Skool-Style-36-Decon-Sf-V66-Marshmallow-i.139782988.7433515053?position=493,"Old Skool",shopee
613483b08c685a89e2a488d6,"(SALE EDAN) VANS OLDSKOOL V36CL+ BLK/WHT JAPAN",heloobang01,"Kabupaten Sleman",475000,0,55,5,42,/(SALE-EDAN)-VANS-OLDSKOOL-V36CL-BLK-WHT-JAPAN-i.203163626.6732162478?position=540,"Old Skool",shopee
613483b08c685a89e2a488d8,"Vans Sk8 Clasics  Black // White Global Market Authentic Guarantee Original  BNIB 100%",mugny_sneakers,"Jakarta Selatan",589000,9,80,5,50,/Vans-Sk8-Clasics-Black-White-Global-Market-Authentic-Guarantee-Original-BNIB-100--i.184775637.4949504865?position=542,Authentic,shopee
613483b08c685a89e2a488d9,"SALE!! Vans Japan Domestic Market V36CL OLD SKOOL BLK/WHT - ORIGINAL*FREE VANS SOCK !",osdormaison,"Kabupaten Sleman",480000,3,94,5,64,/SALE!!-Vans-Japan-Domestic-Market-V36CL-OLD-SKOOL-BLK-WHT-ORIGINAL*FREE-VANS-SOCK-!-i.216966960.7750241869?position=543,"Old Skool",shopee
613483b08c685a89e2a488da,"Sepatu Convers Pria Spatu Hits Sepatu Vans Keren Casual Original Sepatu Cowok Murah - Hattrick",sepatu_pria_sneakers,"Kabupaten Bondowoso",30000,55,58000,5,17,/Sepatu-Convers-Pria-Spatu-Hits-Sepatu-Vans-Keren-Casual-Original-Sepatu-Cowok-Murah-Hattrick-i.460366398.8968066032?position=544,,shopee
613483b08c685a89e2a488dc,"SEPATU VANS ERA AUTHENTIC ABU SEPATU KASUAL SEPATU SEKOLAH GAYA",xiazevs,"Kabupaten Tangerang",44800,36,286,5,178,/SEPATU-VANS-ERA-AUTHENTIC-ABU-SEPATU-KASUAL-SEPATU-SEKOLAH-GAYA-i.27952847.2580608536?position=546,Era,shopee
613483b08c685a89e2a488dd,"(BAYAR DITEMPAT) VANS OLD SKOOL STYLE 36 RETRO VINTAGE,BLACK ASPAC LX  100% BNIB IMPORT QUALITY",j_roum.quality,"Kabupaten Tangerang",144480,44,17000,5,5,/(BAYAR-DITEMPAT)-VANS-OLD-SKOOL-STYLE-36-RETRO-VINTAGE-BLACK-ASPAC-LX-100-BNIB-IMPORT-QUALITY-i.380536983.8370343214?position=547,"Old Skool",shopee
613483b08c685a89e2a488de,"VANS Japan Domestic Market V95CLA Era Black/White - ORIGINAL",osdormaison,"Kabupaten Sleman",450000,0,53,5,43,/VANS-Japan-Domestic-Market-V95CLA-Era-Black-White-ORIGINAL-i.216966960.3849447682?position=548,Era,shopee
613483b08c685a89e2a488e0,"COD SEPATU VANS OLSDKOOL OG BLACK & WHITE waffle premium",tunasmega.shoes,Tangerang,127300,33,10000,5,54,/COD-SEPATU-VANS-OLSDKOOL-OG-BLACK-WHITE-waffle-premium-i.392164131.8918420154?position=550,,shopee
613483b08c685a89e2a488e1,"Sepatu Vans Slip On Motif OG LX Checkerboard Catur Black Off White Hitam Putih - Un-Original Premium",sneakersidofficial_bdg,Bandung,300000,0,99,5,52,/Sepatu-Vans-Slip-On-Motif-OG-LX-Checkerboard-Catur-Black-Off-White-Hitam-Putih-Un-Original-Premium-i.147447770.6803365779?position=551,Checkerboard,shopee
613483b08c685a89e2a488e2,"(COD/BAYAR DITEMPAT) VANS OLD SKOOL/SEPATU PRIA KUALITAS PREM/GRADE ORIGINAL DT SEPATU WANITA IMPORD",greenlakestore,Tangerang,65000,46,77,5,44,/(COD-BAYAR-DITEMPAT)-VANS-OLD-SKOOL-SEPATU-PRIA-KUALITAS-PREM-GRADE-ORIGINAL-DT-SEPATU-WANITA-IMPORD-i.123101900.3267194029?position=552,"Old Skool",shopee
613483b08c685a89e2a488e4,"Sepatu Vans Zapato Klasik Miror 1:1 Premium Quality - Sepatu Sneakers - Sepatu Casual - Sepatu Pria",fa_shoes17,"Kabupaten Tangerang",149900,40,31,5,22,/Sepatu-Vans-Zapato-Klasik-Miror-1-1-Premium-Quality-Sepatu-Sneakers-Sepatu-Casual-Sepatu-Pria-i.94587036.8314861094?position=554,,shopee
