product_name,shop_name,location,price,discount,amount_sold,rating,no_of_rating,link_product
Sepatu VANS OLD SKOOL hitam putih - 40,NAF SHOES,Kab. Tangerang,Rp55.900,,Terjual 625,4.7,(324 ulasan),https://www.tokopedia.com/nafshoes888/sepatu-vans-old-skool-hitam-putih-40?whid=0
"SEPATU VANS VAULT OLD SKOOL OG BLACK WHITE GRADE ORIGINAL - Hitam, 36",4SDOnlineshop,Jakarta Selatan,Rp114.000,5%,Terjual 253,4.7,(147 ulasan),https://www.tokopedia.com/4sdonlineshop/sepatu-vans-vault-old-skool-og-black-white-grade-original-hitam-36?whid=0
Sepatu Vans Oldskool/Vans cowok/vans cewek/vans Premium original,Azkaputra,Jakarta Utara,Rp140.000,,Terjual 3.080,4.7,(1.359 ulasan),https://www.tokopedia.com/selpiasti/sepatu-vans-oldskoolvans-cowokvans-cewekvans-premium-original?whid=0
"Sepatu Vans OldSkool Fullwhite/Putih Pria & Wanita Terbaru Berkualitas - Putih, 36",Arty's Shoes,Kab. Tangerang,Rp70.000,,Terjual 1.298,4.5,(687 ulasan),https://www.tokopedia.com/artyshoes/sepatu-vans-oldskool-fullwhite-putih-pria-wanita-terbaru-berkualitas-putih-36?whid=0
"SEPATU VANS OLD SKOOL VAULT OG RAINBOW GREEN GRADE ORIGINAL - rainbow, 39",4SDOnlineshop,Jakarta Selatan,Rp118.750,5%,Terjual 136,4.8,(71 ulasan),https://www.tokopedia.com/4sdonlineshop/sepatu-vans-old-skool-vault-og-rainbow-green-grade-original-rainbow-39?whid=0
Sepatu Vans Era Authentic Hitam Polos Sepatu Sekolah Kuliah Kerja - 36,NAF SHOES,Kab. Tangerang,Rp52.000,,Terjual 195,4.8,(105 ulasan),https://www.tokopedia.com/nafshoes888/sepatu-vans-era-authentic-hitam-polos-sepatu-sekolah-kuliah-kerja-36?whid=0
Sepatu Vans Oldskool/Vans cowok/vans cewek/vans Premium original - 36,Ezelis Store,Kab. Tangerang,Rp65.000,,Terjual 977,4.5,(262 ulasan),https://www.tokopedia.com/ezelisstore/sepatu-vans-oldskool-vans-cowok-vans-cewek-vans-premium-original-36?whid=0
"SEPATU VANS AUTHENTIC OG MONO BLACK WHITE - authentic bw og, 36",4SDOnlineshop,Jakarta Selatan,Rp109.250,5%,Terjual 49,4.9,(34 ulasan),https://www.tokopedia.com/4sdonlineshop/sepatu-vans-authentic-og-mono-black-white-authentic-bw-og-36?whid=0
Sepatu Vans Old Skool Hitam Polos sepatu full black kasual sekolah - 40,NAF SHOES,Kab. Tangerang,Rp58.000,,Terjual 206,4.7,(92 ulasan),https://www.tokopedia.com/nafshoes888/sepatu-vans-old-skool-hitam-polos-sepatu-full-black-kasual-sekolah-40?whid=0
"Sepatu Vans Old School Premium - Hitam, 36",caki,Kab. Tangerang,Rp90.000,,Terjual 528,4.5,(232 ulasan),https://www.tokopedia.com/trashbag/sepatu-vans-old-school-premium-hitam-36?whid=0
"[PREMIUM] SEPATU VANS OLD SCKOOL DT - Hitam, 39",dsd_store08,Kota Depok,Rp120.000,,Terjual 66,4.6,(42 ulasan),https://www.tokopedia.com/dsdstore08/premium-sepatu-vans-old-sckool-dt-hitam-39?whid=0
"OBRAL SEPATU VANS VAULT OG OLD SKOOL BEMPER GUM BLACK WHITE GRADE ORI - bw BEMPER gem, 39",4SDOnlineshop,Jakarta Selatan,Rp118.750,5%,Terjual 34,4.9,(25 ulasan),https://www.tokopedia.com/4sdonlineshop/obral-sepatu-vans-vault-og-old-skool-bemper-gum-black-white-grade-ori-bw-bemper-gem-39?whid=0
Vans Old Skool Black And White - 4.5,Badass Monkey Indonesia,Jakarta Selatan,Rp1.200.000,,Terjual 299,4.9,(176 ulasan),https://www.tokopedia.com/badassmonkeyid/vans-old-skool-black-and-white-4-5?whid=0
Sepatu Sneakers Pria big size jumbo Vans full black. 44 45 46 Premium - 39,Kitakitashoes,Kota Bekasi,Rp155.000,,Terjual 66,4.8,(43 ulasan),https://www.tokopedia.com/kitakitashoes-1/sepatu-sneakers-pria-big-size-jumbo-vans-full-black-44-45-46-premium-39?whid=0
Sepatu Sneakers pria big size jumbo Vans old Skool classic. 44 45 46 - 39,Kitakitashoes,Kota Bekasi,Rp150.000,,Terjual 193,4.7,(133 ulasan),https://www.tokopedia.com/kitakitashoes-1/sepatu-sneakers-pria-big-size-jumbo-vans-old-skool-classic-44-45-46-39?whid=0
"SEPATU VANS OLD SKOOL VAULT GREEN BLACK GRADE ORIGINAL - Green Black, 39",4SDOnlineshop,Jakarta Selatan,Rp150.000,,Terjual 16,4.9,(8 ulasan),https://www.tokopedia.com/4sdonlineshop/sepatu-vans-old-skool-vault-green-black-grade-original-green-black-39?whid=0
SEPATU VANS SLIP ON / CHECKER BOARD / CATUR (IFC) - 38,KiosHuma,Kab. Tangerang,Rp75.000,,Terjual 118,4.4,(17 ulasan),https://www.tokopedia.com/kioshuma/sepatu-vans-slip-on-checker-board-catur-ifc-38?whid=0
"SEPATU VANS OLD SKOOL VAULT OG HIJAU ARMY WAFFEL DT GRADE ORIGINAL - Hijau, 36",4SDOnlineshop,Jakarta Selatan,Rp114.000,5%,Terjual 49,4.7,(29 ulasan),https://www.tokopedia.com/4sdonlineshop/sepatu-vans-old-skool-vault-og-hijau-army-waffel-dt-grade-original-hijau-36?whid=0
"Sepatu Vans Old skool Black white Premium - Hitam, 43",Gayoshoop,Jakarta Selatan,Rp249.000,,Terjual 234,4.8,(122 ulasan),https://www.tokopedia.com/gayoshoop/sepatu-vans-old-skool-black-white-premium-hitam-43?whid=0
SEPATU VANS OLD SKOOL OG VAULT CREAM GREY - 39,bayualkahfi23,Kota Bekasi,Rp120.000,,Terjual 52,4.7,(35 ulasan),https://www.tokopedia.com/bayualkahfi/sepatu-vans-old-skool-og-vault-cream-grey-39?whid=0
"sepatu vans authentic maroon black full black - FullBlack, 39",ID - MANSTORE,Kota Bandung,Rp90.000,,Terjual 44,4.5,(22 ulasan),https://www.tokopedia.com/id-manstore/sepatu-vans-authentic-maroon-black-full-black-fullblack-39?whid=0
"SEPATU VANS SLIP ON OG CHECKERBOARD WHITE - kotak slip on, 36",4SDOnlineshop,Jakarta Selatan,Rp118.750,5%,Terjual 265,4.7,(152 ulasan),https://www.tokopedia.com/4sdonlineshop/sepatu-vans-slip-on-og-checkerboard-white-kotak-slip-on-36?whid=0
"Sepatu Vans Authentic Classic Black White BNIB Premium Original - Black/White, 37",sneaker official member,Kota Bandung,Rp269.000,,Terjual 193,4.8,(105 ulasan),https://www.tokopedia.com/sneakerofficial/sepatu-vans-authentic-classic-black-white-bnib-premium-original-black-white-37?whid=0
"SEPATU VANS VAULT OG CRAZY WORLD SLIP ON BLACK WHITE GRADE ORIGINAL - crazy, 36",4SDOnlineshop,Jakarta Selatan,Rp114.000,5%,Terjual 27,5,(15 ulasan),https://www.tokopedia.com/4sdonlineshop/sepatu-vans-vault-og-crazy-world-slip-on-black-white-grade-original-crazy-36?whid=0
Sepatu Vans AVE Pro 'Anthony Van Engelen' Original,70stores,Jakarta Pusat,Rp2.349.000,,Terjual 26,5,(21 ulasan),https://www.tokopedia.com/70stores/sepatu-vans-ave-pro-anthony-van-engelen-original?whid=0
"SEPATU COUPLE KELUARGA VANS OLD SKOOL VAULT OG PUTIH NAVY - Putih, 26/27/28/29/30",4SDOnlineshop,Jakarta Selatan,Rp80.750,5%,Terjual 13,4.2,(6 ulasan),https://www.tokopedia.com/4sdonlineshop/sepatu-couple-keluarga-vans-old-skool-vault-og-putih-navy-putih-26-27-28-29-30?whid=0
Sepatu Vans Old Skool Traner Olive 100% Grade Original,B.O.S_STORE,Jakarta Selatan,Rp269.000,,Terjual 7,4.8,(4 ulasan),https://www.tokopedia.com/bosstore-1/sepatu-vans-old-skool-traner-olive-100-grade-original?whid=0
SEPATU VANS SK8 HI SNEAKERS HITAM PUTIH TINGGI - 36,NAF SHOES,Kab. Tangerang,Rp65.000,,Terjual 90,4.7,(42 ulasan),https://www.tokopedia.com/nafshoes888/sepatu-vans-sk8-hi-sneakers-hitam-putih-tinggi-36?whid=0
SEPATU VANS AUTHENTIC CLASSIC FULL BLACK IMPORT QUALITY BNIB - 36,FOOTRUCKJKT,Jakarta Selatan,Rp155.000,,Terjual 5,5,(3 ulasan),https://www.tokopedia.com/footruckjkt/sepatu-vans-authentic-classic-full-black-import-quality-bnib-36?whid=0
VANS OLD SKOOL BLACK CHECKERBOARD BLACK - 38,Sneakers Dept,Jakarta Timur,Rp789.000,47%,Terjual 8,5,(3 ulasan),https://www.tokopedia.com/sneakersdept/vans-old-skool-black-checkerboard-black-38?whid=0
Sepatu Vans Old Skool Pro BMX 'Matthias Dandois' Original,70stores,Jakarta Pusat,Rp1.899.000,,Terjual 16,5,(11 ulasan),https://www.tokopedia.com/70stores/sepatu-vans-old-skool-pro-bmx-matthias-dandois-original?whid=0
"SEPATU VANS SK8 OLD SKOOL HIGH BLACK WHITE WAFFEL DT PREMIUM - Hitam, 39",4SDOnlineshop,Jakarta Selatan,Rp120.000,,Terjual 31,4.3,(18 ulasan),https://www.tokopedia.com/4sdonlineshop/sepatu-vans-sk8-old-skool-high-black-white-waffel-dt-premium-hitam-39?whid=0
"sepatu sekolah Vans hitam polos sol gum sneaker full black gum murah - Hitam, 41",aldhis shoes,Jakarta Timur,Rp93.000,,Terjual 30,5,(19 ulasan),https://www.tokopedia.com/aldhis/sepatu-sekolah-vans-hitam-polos-sol-gum-sneaker-full-black-gum-murah-hitam-41?whid=0
Sepatu Vans Old Skool x Zhao Zhao 'Year Of The Rat' Original,70stores,Jakarta Pusat,Rp1.799.000,,Terjual 3,5,(3 ulasan),https://www.tokopedia.com/70stores/sepatu-vans-old-skool-x-zhao-zhao-year-of-the-rat-original?whid=0
Sepatu Vans Sk8 Sk 8 Hi Black Navy Blue HIgh DT Premium Biru,Fresh Banana,Jakarta Selatan,Rp269.000,,Terjual 120,4.7,(59 ulasan),https://www.tokopedia.com/freshbanana/sepatu-vans-sk8-sk-8-hi-black-navy-blue-high-dt-premium-biru?whid=0
"sepatu kets vans blue denim cowok pria termurah special edition VD2 - Navy, 39",stylishstore23,Kota Bogor,Rp35.000,,Terjual 113,4.5,(38 ulasan),https://www.tokopedia.com/stylishstore23/sepatu-kets-vans-blue-denim-cowok-pria-termurah-special-edition-vd2-navy-39?whid=0
Sepatu Vans Authentic Classic Black Rubber Gum Original 100% BNIB! - 37,Toko Adidas Original,Kota Tangerang Selatan,Rp499.000,,Terjual 45,5,(28 ulasan),https://www.tokopedia.com/tokoadidasori/sepatu-vans-authentic-classic-black-rubber-gum-original-100-bnib-37?whid=0
SEPATU PRIA SNEAKERS UKURAN JUMBO VANS OLD SKOOL OG RAINBOW SIZE 45 46 - 45,Lapaksepatu_murah,Kota Bekasi,Rp155.000,,Terjual 8,5,(7 ulasan),https://www.tokopedia.com/lapaksepatumurah-1/sepatu-pria-sneakers-ukuran-jumbo-vans-old-skool-og-rainbow-size-45-46-45?whid=0
"BIG PROMO!! sepatu sneakers vans grade original pria keren dan murah - Hitam, 39",JKT_store88,Jakarta Barat,Rp49.000,,Terjual 16,4,(3 ulasan),https://www.tokopedia.com/jktstore88/big-promo-sepatu-sneakers-vans-grade-original-pria-keren-dan-murah-hitam-39?whid=0
"Sepatu Vans Authentic Full Black Premium - Hitam, 37",caki,Kab. Tangerang,Rp180.000,,Terjual 9,4.3,(7 ulasan),https://www.tokopedia.com/trashbag/sepatu-vans-authentic-full-black-premium-hitam-37?whid=0
Sepatu Vans Old Skool Classic Full Black Hitam DT Premium oldskool,Fresh Banana,Jakarta Selatan,Rp259.000,,Terjual 127,4.5,(63 ulasan),https://www.tokopedia.com/freshbanana/sepatu-vans-old-skool-classic-full-black-hitam-dt-premium-oldskool?whid=0
SEPATU KASUAL VANS AUTHENTIC PUTIH POLOS - 36,NAF SHOES,Kab. Tangerang,Rp61.500,,Terjual 29,4.8,(16 ulasan),https://www.tokopedia.com/nafshoes888/sepatu-kasual-vans-authentic-putih-polos-36?whid=0
Sepatu Vans Old Skool V36CL+ Checkerboard Japan Market Original BNIB!,Toko Adidas Original,Kota Tangerang Selatan,Rp649.000,,Terjual 256,4.7,(102 ulasan),https://www.tokopedia.com/tokoadidasori/sepatu-vans-old-skool-v36cl-checkerboard-japan-market-original-bnib?whid=0
SEPATU PRIA VANS OLD SCHOOL SNEAKERS HITAM SEKOLAH KERJA MURAH - 36,NAF SHOES,Kab. Tangerang,Rp58.200,,Terjual 312,4.7,(173 ulasan),https://www.tokopedia.com/nafshoes888/sepatu-pria-vans-old-school-sneakers-hitam-sekolah-kerja-murah-36?whid=0
"Vans Old Skool Full White Sepatu Pria Sneakers Full Putih Harga Grosir - Putih, 38",AriefShop,Kab. Tangerang,Rp68.900,,Terjual 3,4.5,(2 ulasan),https://www.tokopedia.com/ariefshop/vans-old-skool-full-white-sepatu-pria-sneakers-full-putih-harga-grosir-putih-38?whid=0
SEPATU VANS SK8 HI SNEAKERS TINGGI HITAM POLOS - 40,NAF SHOES,Kab. Tangerang,Rp65.000,,Terjual 99,4.9,(66 ulasan),https://www.tokopedia.com/nafshoes888/sepatu-vans-sk8-hi-sneakers-tinggi-hitam-polos-40?whid=0
"Sepatu Vans Old Skool Black White Premium Waffle IFC BNIB - Hitam, 37",caki,Kab. Tangerang,Rp180.000,,Terjual 209,4.7,(106 ulasan),https://www.tokopedia.com/trashbag/sepatu-vans-old-skool-black-white-premium-waffle-ifc-bnib-hitam-37?whid=0
Sepatu Vans UltraRange Rapidweld Original,70stores,Jakarta Pusat,Rp1.449.000,,Terjual 3,5,(2 ulasan),https://www.tokopedia.com/70stores/sepatu-vans-ultrarange-rapidweld-original?whid=0
"sepatu ukuran 47 46 45 44 Vans old skool hitam ukuran besar Jumbo ! - Hitam, 36",pusat sepatu sneakers 018,Kab. Tangerang,Rp55.000,,Terjual 6,4,(3 ulasan),https://www.tokopedia.com/pusatsepatusneakers/sepatu-ukuran-47-46-45-44-vans-old-skool-hitam-ukuran-besar-jumbo-hitam-36?whid=0
Original Vans Comfycush old skool Black Sepatu Sneakers - 36,nugroho store,Jakarta Selatan,Rp799.000,,Terjual 28,5,(12 ulasan),https://www.tokopedia.com/tokoariqkamil/original-vans-comfycush-old-skool-black-sepatu-sneakers-36?whid=0
"SEPATU VANS AUTHENTIC CLASIC BLACK WHITE GRADE ORIGINAL - aut clasics bw, 36",4SDOnlineshop,Jakarta Selatan,Rp109.250,5%,Terjual 35,4.5,(30 ulasan),https://www.tokopedia.com/4sdonlineshop/sepatu-vans-authentic-clasic-black-white-grade-original-aut-clasics-bw-36?whid=0
Sepatu Kolaborasi VANS x MOONEYES - 7.5,Mooneyes Jakarta,Jakarta Selatan,Rp2.300.000,,Terjual 9,5,(5 ulasan),https://www.tokopedia.com/mooneyesjakarta/sepatu-kolaborasi-vans-x-mooneyes-7-5?whid=0
Sepatu Vans Old Skool Full White / Putih Full Murah,Toko All Star Murah,Kota Tangerang Selatan,Rp129.000,,Terjual 118,4.3,(46 ulasan),https://www.tokopedia.com/tokoallstarmurah/sepatu-vans-old-skool-full-white-putih-full-murah?whid=0
Sepatu Vans Authentic Classic True White BNIB Original Premium,sneaker official member,Kota Bandung,Rp269.000,,Terjual 19,4.3,(12 ulasan),https://www.tokopedia.com/sneakerofficial/sepatu-vans-authentic-classic-true-white-bnib-original-premium?whid=0
outsole vans | outsol | tapak vans  | bawahan sepatu vans,Moortee,Kota Depok,Rp35.000,,Terjual 14,5,(1 ulasan),https://www.tokopedia.com/moortee/outsole-vans-outsol-tapak-vans-bawahan-sepatu-vans?whid=0
THE GOODS DEPT - VANS UA ERA BLACK - 37,The Goods Dept,Jakarta Selatan,Rp629.100,10%,Terjual 3,5,(2 ulasan),https://www.tokopedia.com/thegoodsdept/the-goods-dept-vans-ua-era-black-37?whid=0
"Sepatu Sneakers Vans Era Authentic Black White Hitam Putih Premium - Hitam, 37",VJ CONVERSE.ID,Jakarta Timur,Rp89.900,,Terjual 110,4.5,(50 ulasan),https://www.tokopedia.com/vjconverseid/sepatu-sneakers-vans-era-authentic-black-white-hitam-putih-premium-hitam-37?whid=0
VANS OFF THE WALL | OLD SKOOL BLK WHT | SEPATU - 42,FRIDAY KILLER CO,Kab. Pamekasan,Rp719.200,20%,Terjual 46,5,(32 ulasan),https://www.tokopedia.com/fridaykillerco/vans-off-the-wall-old-skool-blk-wht-sepatu-42?whid=0
Sepatu Vans Old Skool Classic Black Gum BNIB Original Premium,sneaker official member,Kota Bandung,Rp295.000,,Terjual 16,4.7,(10 ulasan),https://www.tokopedia.com/sneakerofficial/sepatu-vans-old-skool-classic-black-gum-bnib-original-premium?whid=0
"Grade Original! Sepatu Vans Slip On Checkerboard / Catur (Free Box) - Classic, 36",marsyastore_,Jakarta Barat,Rp140.000,,Terjual 74,4.3,(50 ulasan),https://www.tokopedia.com/marsyastoree/grade-original-sepatu-vans-slip-on-checkerboard-catur-free-box-classic-36?whid=0
"SEPATU VANS SLIP ON OG BLACK WHITE - black white, 36",4SDOnlineshop,Jakarta Selatan,Rp114.000,5%,Terjual 140,4.8,(105 ulasan),https://www.tokopedia.com/4sdonlineshop/sepatu-vans-slip-on-og-black-white-black-white-36?whid=0
"Sepatu Vans Sneakers Fetino Hitam Merah sepatu kasual sekolah - 43 - Merah, 36",Arty's Shoes,Kab. Tangerang,Rp75.000,,Terjual 33,4.8,(26 ulasan),https://www.tokopedia.com/artyshoes/sepatu-vans-sneakers-fetino-hitam-merah-sepatu-kasual-sekolah-43-merah-36?whid=0
"Vans Slip On Moma Import China BNIB Pria Wanita Sepatu Sneakers - Putih, 36",jovingalery,Jakarta Selatan,Rp109.000,,Terjual 129,4.7,(76 ulasan),https://www.tokopedia.com/jovingalery/vans-slip-on-moma-import-china-bnib-pria-wanita-sepatu-sneakers-putih-36?whid=0
Sepatu Vans Berle Pro Original,70stores,Jakarta Pusat,Rp1.989.000,,Terjual 4,5,(2 ulasan),https://www.tokopedia.com/70stores/sepatu-vans-berle-pro-original?whid=0
Sepatu Pria Sneakers Cowo Vans Old School Hitam Garis Putih Termurah - 39,SEPATU SAFETY TACTICAL,Kab. Bandung,Rp55.000,,Terjual 127,4,(45 ulasan),https://www.tokopedia.com/sepatusafetytact/sepatu-pria-sneakers-cowo-vans-old-school-hitam-garis-putih-termurah-39?whid=0
Sepatu Vans Oldskoll Hitam Polos - Termurah,Toko Sepatu Arfan,Jakarta Timur,Rp119.000,,Terjual 51,4.8,(19 ulasan),https://www.tokopedia.com/tokosepatuarfan/sepatu-vans-oldskoll-hitam-polos-termurah?whid=0
Sepatu Vans Old Skool Hitam Gum Murah,Toko All Star Murah,Kota Tangerang Selatan,Rp129.000,,Terjual 36,4.1,(15 ulasan),https://www.tokopedia.com/tokoallstarmurah/sepatu-vans-old-skool-hitam-gum-murah?whid=0
"Sepatu Vans Old Skool Classic Black White waffle DT BNIB Original - Black White, 37",sneaker official member,Kota Bandung,Rp289.000,,Terjual 370,4.5,(183 ulasan),https://www.tokopedia.com/sneakerofficial/sepatu-vans-old-skool-classic-black-white-waffle-dt-bnib-original-black-white-37?whid=0
Sepatu Vans Old School - Hitam - 36,Didara Store,Kab. Bogor,Rp54.900,,Terjual 73,4.8,(53 ulasan),https://www.tokopedia.com/didarastore/sepatu-vans-old-school-hitam-36?whid=0
Sepatu Vans Sk8 Hi x Harry Potter,ol shop 888,Jakarta Utara,Rp530.000,,Terjual 6,4.7,(3 ulasan),https://www.tokopedia.com/allstore888/sepatu-vans-sk8-hi-x-harry-potter?whid=0
THE GOODS DEPT - VANS UA ERA - 39,The Goods Dept,Jakarta Selatan,Rp764.100,10%,Terjual 17,5,(8 ulasan),https://www.tokopedia.com/thegoodsdept/the-goods-dept-vans-ua-era-39?whid=0
promo cuci gudang sepatu vans old skool hitam,toko sepatu pakde,Kota Tangerang,Rp60.000,,Terjual 33,4.5,(8 ulasan),https://www.tokopedia.com/tokosepatupakde/promo-cuci-gudang-sepatu-vans-old-skool-hitam?whid=0
"Sepatu Vans Oldskool Balack White Japan Market 100â„…Orginal BNIB - Black White, 35",zildansneakers,Jakarta Selatan,Rp450.000,,Terjual 2,5,(2 ulasan),https://www.tokopedia.com/zildansneakers/sepatu-vans-oldskool-balack-white-japan-market-100-orginal-bnib-black-white-35?whid=0
"SEPATU UKURAN 44 45 46 JUMBO BESAR VANS OLDSCOOL 30 CM - Hitam, 38",aydinasti,Jakarta Selatan,Rp145.000,,Terjual 34,4.8,(15 ulasan),https://www.tokopedia.com/aydinasti/sepatu-ukuran-44-45-46-jumbo-besar-vans-oldscool-30-cm-hitam-38?whid=0
Sepatu Vans Era Classic Save Our Planet White Black Premium BNIB,Shoes of Nada,Jakarta Timur,Rp269.000,,Terjual 6,5,(2 ulasan),https://www.tokopedia.com/shoesofnada/sepatu-vans-era-classic-save-our-planet-white-black-premium-bnib?whid=0
SEPATU VANS OLDSKOOL FLAME WALL BLACK BNIB,Tokojeckstore,Jakarta Selatan,Rp605.000,,Terjual 4,4.7,(3 ulasan),https://www.tokopedia.com/tokojeckstore/sepatu-vans-oldskool-flame-wall-black-bnib?whid=0
SEPATU VANS SLIP ON CUT AND PASTE BLACK TRUE WHITE,sepatulimajkt,Jakarta Timur,Rp350.000,,Terjual 8,5,(6 ulasan),https://www.tokopedia.com/sepatulimajkt/sepatu-vans-slip-on-cut-and-paste-black-true-white?whid=0
"PX Style sepatu kanvas (Vans - 179) - White, 42",One Shopers,Kab. Bekasi,Rp69.999,,Terjual 305,4.8,(53 ulasan),https://www.tokopedia.com/oneshopers/px-style-sepatu-kanvas-vans-179-white-42?whid=0
Sepatu Vans Old Skool PATTA Hitam Original Waffle ICC - 40,toko faahion,Jakarta Utara,Rp610.000,,Terjual 7,4.7,(3 ulasan),https://www.tokopedia.com/idhamkhalid/sepatu-vans-old-skool-patta-hitam-original-waffle-icc-40?whid=0
"Sepatu Vans Oldskool Pro BMX Larry Edgar Black Yellow 100% Original - Hitam, 10",Tambora Stuff,Jakarta Barat,Rp1.899.000,,Terjual 3,5,(3 ulasan),https://www.tokopedia.com/tambora-stuff/sepatu-vans-oldskool-pro-bmx-larry-edgar-black-yellow-100-original-hitam-10?whid=0
"sepatu ukuran 47 46 45 44 Vans old skool hitam ukuran besar Jumbo ! - Hitam, 47",aydinasti,Jakarta Selatan,Rp295.000,,Terjual 29,4.7,(21 ulasan),https://www.tokopedia.com/aydinasti/sepatu-ukuran-47-46-45-44-vans-old-skool-hitam-ukuran-besar-jumbo-hitam-47?whid=0
"Sepatu Vans Vault OG Classic Authentic Black White Ivory BNIB - Black Ivory, 37",sneaker official member,Kota Bandung,Rp275.000,,Terjual 8,5,(8 ulasan),https://www.tokopedia.com/sneakerofficial/sepatu-vans-vault-og-classic-authentic-black-white-ivory-bnib-black-ivory-37?whid=0
"Sepatu Vans Oldskool Black White BNIB - 36, Hitam",UbbayshopID,Kota Bekasi,Rp160.000,,Terjual 202,4.6,(105 ulasan),https://www.tokopedia.com/ubbayshopid/sepatu-vans-oldskool-black-white-bnib-36-hitam?whid=0
THE GOODS DEPT - VANS OLD SKOOL PLATFORM BLACK VN0A3B3UBKA - 42,The Goods Dept,Jakarta Selatan,Rp1.049.000,,Terjual 4,4.7,(3 ulasan),https://www.tokopedia.com/thegoodsdept/the-goods-dept-vans-old-skool-platform-black-vn0a3b3ubka-42?whid=0
Sepatu Vans Authentic 44 DX x Neighborhood X Mr Cartoon ORIGINAL BNIB,Toko Adidas Original,Kota Tangerang Selatan,Rp1.999.000,,Terjual 4,5,(3 ulasan),https://www.tokopedia.com/tokoadidasori/sepatu-vans-authentic-44-dx-x-neighborhood-x-mr-cartoon-original-bnib?whid=0
"sepatu pria Vans OG Fullblack Slip On Big size 39-43 & 44 45 46 - Fullblack, 39",Edumars 88 Shop,Kota Bekasi,Rp147.500,,Terjual 6,4.6,(5 ulasan),https://www.tokopedia.com/edumar-doubleight/sepatu-pria-vans-og-fullblack-slip-on-big-size-39-43-44-45-46-fullblack-39?whid=0
Sepatu Vans Sid DX Anaheim Factory OG Black White UNISEX,GALAXY_SNEAKER_JAKARTA,Jakarta Selatan,Rp549.000,,Terjual 2,5,(2 ulasan),https://www.tokopedia.com/galaxysneakerjak/sepatu-vans-sid-dx-anaheim-factory-og-black-white-unisex?whid=0
Sepatu vans tag size / label size / size chart / vans label size - size wanita,sagayastore official,Kab. Tangerang,Rp5.000,,Terjual 243,4.6,(9 ulasan),https://www.tokopedia.com/sagayastore/sepatu-vans-tag-size-label-size-size-chart-vans-label-size-size-wanita?whid=0
"VANS AUTHENTIC SEPATU SNEAKERS SIZE 46 47 48 49 UKURAN BESAR RAKSASA - Black White, 49",KAKIGEDE,Kota Depok,Rp850.000,,Terjual 32,4.9,(18 ulasan),https://www.tokopedia.com/kakigede/vans-authentic-sepatu-sneakers-size-46-47-48-49-ukuran-besar-raksasa-black-white-49?whid=0
Sepatu Sneakers Unisex Oto Vans Classic Skool White - Red - 38,SmartClick,Kab. Tangerang,Rp179.000,38%,Terjual 2,5,(2 ulasan),https://www.tokopedia.com/smartclick/sepatu-sneakers-unisex-oto-vans-classic-skool-white-red-38?whid=0
"sepatu ukuran 47 46 45 44 Vans Full balck polos ukuran besar jumbo ! - Hitam, 47",aydinasti,Jakarta Selatan,Rp295.000,,Terjual 20,3.7,(13 ulasan),https://www.tokopedia.com/aydinasti/sepatu-ukuran-47-46-45-44-vans-full-balck-polos-ukuran-besar-jumbo-hitam-47?whid=0
"Sepatu Sneakers Pria Vans Old Skool Bw Casual Kets GRATIS 1KAOS KAKI - Hitam, 40",TikhaNaDian Store,Kab. Bandung,Rp55.000,,Terjual 126,4.3,(66 ulasan),https://www.tokopedia.com/tikanadianstore/sepatu-sneakers-pria-vans-old-skool-bw-casual-kets-gratis-1kaos-kaki-hitam-40?whid=0
Sepatu Vans Old Skool Social Distortion Black,WAROENG SNEAKERS,Jakarta Utara,Rp420.000,,Terjual 5,5,(2 ulasan),https://www.tokopedia.com/warsneaks/sepatu-vans-old-skool-social-distortion-black?whid=0
Sepatu Vans Slip On X-Ray Bones Leather Black Original 100% BNIB!,Toko Adidas Original,Kota Tangerang Selatan,Rp999.000,,Terjual 4,5,(3 ulasan),https://www.tokopedia.com/tokoadidasori/sepatu-vans-slip-on-x-ray-bones-leather-black-original-100-bnib?whid=0
Vans Sepatu Sneakers Pria Wanita Motif Koran Premium - 38,Ezelis Store,Kab. Tangerang,Rp65.000,,Terjual 24,4.7,(14 ulasan),https://www.tokopedia.com/ezelisstore/vans-sepatu-sneakers-pria-wanita-motif-koran-premium-38?whid=0
"sepatu vans authentic sepatu vans premium - Hitam, 38",lexsnoe shoes,Kab. Tangerang,Rp139.000,,Terjual 92,4.8,(42 ulasan),https://www.tokopedia.com/lexsnoe/sepatu-vans-authentic-sepatu-vans-premium-hitam-38?whid=0
"VANS OFF THE WALL |AUTHENTIC BLK WHT | SEPATU - 40,5",FRIDAY KILLER CO,Kab. Pamekasan,Rp639.200,20%,Terjual 21,5,(12 ulasan),https://www.tokopedia.com/fridaykillerco/vans-off-the-wall-authentic-blk-wht-sepatu-40-5?whid=0
Sepatu Vans | Vans Style 36 Decon SF Woven Checkerboard Multicolor |,Two Ways True,Kota Tangerang Selatan,Rp850.000,,Terjual 3,4.3,(3 ulasan),https://www.tokopedia.com/twowaystrue/sepatu-vans-vans-style-36-decon-sf-woven-checkerboard-multicolor?whid=0
"sepatu vans oldskool premium - Hitam, 36",SHANUM15 SHOES,Kab. Bogor,Rp50.000,,Terjual 11,4.8,(6 ulasan),https://www.tokopedia.com/shanum15shoes/sepatu-vans-oldskool-premium-hitam-36?whid=0
"SEPATU VANS ERA AUTHENTIC SEPATU KETS SEKOLAH KULIAH KERJA - Biru, 36",NAF SHOES,Kab. Tangerang,Rp55.000,,Terjual 508,4.8,(257 ulasan),https://www.tokopedia.com/nafshoes888/sepatu-vans-era-authentic-sepatu-kets-sekolah-kuliah-kerja-biru-36?whid=0
Sepatu Vans Slip-Skool x Zhao Zhao 'Year Of The Rat' Original,70stores,Jakarta Pusat,Rp1.749.000,,Terjual 3,5,(3 ulasan),https://www.tokopedia.com/70stores/sepatu-vans-slip-skool-x-zhao-zhao-year-of-the-rat-original?whid=0
Sepatu Vans X Spongebob Era Best Friend | BNIB Original Resmi - 35,Will Goods,Kota Bekasi,Rp1.999.000,,Terjual 7,5,(5 ulasan),https://www.tokopedia.com/willgoodsid/sepatu-vans-x-spongebob-era-best-friend-bnib-original-resmi-35?whid=0
Sepatu Vans OG Slip On 47 DX Anaheim Factory Murah,Joss & Co.,Jakarta Selatan,Rp1.599.900,,Terjual 8,4.6,(7 ulasan),https://www.tokopedia.com/jossandco/sepatu-vans-og-slip-on-47-dx-anaheim-factory-murah?whid=0
Sepatu Pria Dan Wanita Vans Slip On Moma 36-43,bandarsepatu08,Jakarta Selatan,Rp110.000,,Terjual 192,4.6,(134 ulasan),https://www.tokopedia.com/bandarsepatu08/sepatu-pria-dan-wanita-vans-slip-on-moma-36-43?whid=0
SEPATU VANS ORIGINAL | VANS ERA OUROBOROS ORIGINAL RESMI - 36,wellstuff_original,Kota Tangerang Selatan,Rp760.000,,Terjual 2,5,(2 ulasan),https://www.tokopedia.com/wellstufforg/sepatu-vans-original-vans-era-ouroboros-original-resmi-36?whid=0
"SEPATU VANS OLD SKOOL VINTAGE GRAND CASUAL TRENDY HIGH QUALITY PREMIUM - IJONAVYREDYELOW, 39",brosneakers,Kota Bandung,Rp175.000,,Terjual 101,4.5,(55 ulasan),https://www.tokopedia.com/brosneakers/sepatu-vans-old-skool-vintage-grand-casual-trendy-high-quality-premium-ijonavyredyelow-39?whid=0
"SEPATU VANS PRIA OLD SKOOL HITAM VENTINO SNEAKER PRIA TERMURAN - Hitam, 50",Cell-Store01,Jakarta Pusat,Rp45.000,,Terjual 4,5,(2 ulasan),https://www.tokopedia.com/cell-store01/sepatu-vans-pria-old-skool-hitam-ventino-sneaker-pria-termuran-hitam-50?whid=0
Sepatu Vans Ua Authentic Gum Fungi | BNIB Original,Will Goods,Kota Bekasi,Rp999.000,,Terjual 2,5,(2 ulasan),https://www.tokopedia.com/willgoodsid/sepatu-vans-ua-authentic-gum-fungi-bnib-original?whid=0
Sepatu Vans Sk8 Hi Black White HIgh DT Premium,Fresh Banana,Jakarta Selatan,Rp269.000,,Terjual 317,4.4,(152 ulasan),https://www.tokopedia.com/freshbanana/sepatu-vans-sk8-hi-black-white-high-dt-premium?whid=0
VANS OFF THE WALL | OLD SKOOL PRO BLK WHT | SEPATU - 38,FRIDAY KILLER CO,Kab. Pamekasan,Rp1.199.000,,Terjual 14,4.8,(13 ulasan),https://www.tokopedia.com/fridaykillerco/vans-off-the-wall-old-skool-pro-blk-wht-sepatu-38?whid=0
Sepatu Sneakers Unisex Oto Vans Classic Skool Full Black - Grey - 42,SmartClick,Kab. Tangerang,Rp179.000,38%,0,0,0,https://www.tokopedia.com/smartclick/sepatu-sneakers-unisex-oto-vans-classic-skool-full-black-grey-42?whid=0
Sepatu Vans Slip On Slipon Classic DT Full All Black Hitam Premium,Fresh Banana,Jakarta Selatan,Rp259.000,,Terjual 66,4.2,(34 ulasan),https://www.tokopedia.com/freshbanana/sepatu-vans-slip-on-slipon-classic-dt-full-all-black-hitam-premium?whid=0
Sepatu Vans Oldskool MoMA Twist Salvador Dali Original BNIB! - 40.5,Tambora Stuff,Jakarta Barat,Rp2.199.000,,Terjual 5,5,(3 ulasan),https://www.tokopedia.com/tambora-stuff/sepatu-vans-oldskool-moma-twist-salvador-dali-original-bnib-40-5?whid=0
"SEPATU VANS OLDSKOOL FUUL BLACK TINGGI SEPATU SNAEKERS - Hitam, 38",AR-STORE66,Jakarta Barat,Rp108.000,,Terjual 12,4.5,(8 ulasan),https://www.tokopedia.com/ar-store66/sepatu-vans-oldskool-fuul-black-tinggi-sepatu-snaekers-hitam-38?whid=0
Vans Sk8 zipper sepatu vans sk8 hi zip sneakers pria,Keen sneakers,Jakarta Selatan,Rp345.000,,Terjual 2,4,(2 ulasan),https://www.tokopedia.com/keensneakers/vans-sk8-zipper-sepatu-vans-sk8-hi-zip-sneakers-pria?whid=0
"Sepatu Vans Old Skool Premium - Black White, 36",caki,Kab. Tangerang,Rp90.000,,Terjual 123,4.6,(51 ulasan),https://www.tokopedia.com/trashbag/sepatu-vans-old-skool-premium-black-white-36?whid=0
Sepatu Vans Old Skool Pro BMX x Larry Edgar Original 100% BNIB!,Toko Adidas Original,Kota Tangerang Selatan,Rp1.999.000,,Terjual 6,5,(6 ulasan),https://www.tokopedia.com/tokoadidasori/sepatu-vans-old-skool-pro-bmx-x-larry-edgar-original-100-bnib?whid=0
Sepatu Vans Toy Story Edition Premium,vicky-olshop,Jakarta Pusat,Rp480.000,,Terjual 6,4.3,(3 ulasan),https://www.tokopedia.com/vicky-olshop/sepatu-vans-toy-story-edition-premium-2?whid=0
Vans Old Skool Forgotten Bones Original Sepatu Sneakers Vans Original - 42,Superbrand Feet,Kota Tangerang Selatan,Rp849.900,,Terjual 11,5,(8 ulasan),https://www.tokopedia.com/superbrandfeet/vans-old-skool-forgotten-bones-original-sepatu-sneakers-vans-original-42?whid=0
SEPATU UKURAN JUMBO VANS OLD SKOOL 44 45 46,findingshoesjakarta,Kota Bekasi,Rp135.000,,Terjual 8,5,(5 ulasan),https://www.tokopedia.com/findsh/sepatu-ukuran-jumbo-vans-old-skool-44-45-46?whid=0
"Sepatu VANS Oldskool Red Black White - Merah, 38",BLACK STORE88,Jakarta Barat,Rp90.000,,Terjual 12,4.8,(6 ulasan),https://www.tokopedia.com/black-store88/sepatu-vans-oldskool-red-black-white-merah-38?whid=0
VANS OFF THE WALL | OLD SKOOL NAVY | SEPATU - 40.5,FRIDAY KILLER CO,Kab. Pamekasan,Rp719.200,20%,Terjual 6,5,(4 ulasan),https://www.tokopedia.com/fridaykillerco/vans-off-the-wall-old-skool-navy-sepatu-40-5?whid=0
"Sepatu Vans Authentic Gum Black/ Hitam Gum - Abu, 43",ayemshop,Jakarta Barat,Rp130.000,,Terjual 80,4.4,(37 ulasan),https://www.tokopedia.com/ayemshop/sepatu-vans-authentic-gum-black-hitam-gum-abu-43?whid=0
"SEPATU VANS OLD SKOOL OG OFF THE WALL VELCRO PEREKAT HITAM PUTIH - hitam putih, 36",4SDOnlineshop,Jakarta Selatan,Rp120.000,,Terjual 24,4,(19 ulasan),https://www.tokopedia.com/4sdonlineshop/sepatu-vans-old-skool-og-off-the-wall-velcro-perekat-hitam-putih-hitam-putih-36?whid=0
THE GOODS DEPT - VANS U ERA TRUE WHITE - 38,The Goods Dept,Jakarta Selatan,Rp764.100,10%,Terjual 10,5,(5 ulasan),https://www.tokopedia.com/thegoodsdept/the-goods-dept-vans-u-era-true-white-38?whid=0
Sepatu Vans Old school Velcro doebel poksing Waffel DT - 39,dsd_store08,Kota Depok,Rp125.000,,Terjual 13,5,(8 ulasan),https://www.tokopedia.com/dsdstore08/sepatu-vans-old-school-velcro-doebel-poksing-waffel-dt-39?whid=0
Sepatu Vans Slip On X Ray Bones Leather Black ORIGINAL 100% BNIB!,Loker Sepatu Original,Jakarta Selatan,Rp929.000,,0,0,0,https://www.tokopedia.com/lokersepatuori/sepatu-vans-slip-on-x-ray-bones-leather-black-original-100-bnib?whid=0
Sepatu Vans Replika Murah Meriah Terbaru | Sepatu Sekolah,The Master Collections,Kota Tangerang,Rp54.000,,Terjual 21,4.3,(15 ulasan),https://www.tokopedia.com/themastershop/sepatu-vans-replika-murah-meriah-terbaru-sepatu-sekolah?whid=0
"vans / sepatu vans / sepatu putih / vans pria / sneakers pria / - Putih, 40",Mirzaarselan,Kab. Kediri,Rp50.000,,Terjual 218,4.9,(159 ulasan),https://www.tokopedia.com/mirzaarselan/vans-sepatu-vans-sepatu-putih-vans-pria-sneakers-pria-putih-40?whid=0
"Sepatu Casual Vans slip on premium riel picture - Hitam, 36",fitrisneakers,Kab. Tangerang,Rp100.000,,Terjual 48,4.7,(31 ulasan),https://www.tokopedia.com/fitrisneakers/sepatu-casual-vans-slip-on-premium-riel-picture-hitam-36?whid=0
Sepatu Vans Oldskool Full All White Putih Polos - Original PREMIUM - 37,NEW ANGGOANS,Kota Bandung,Rp270.000,,Terjual 130,4.6,(56 ulasan),https://www.tokopedia.com/new-anggoans/sepatu-vans-oldskool-full-all-white-putih-polos-original-premium-37?whid=0
Sepatu Vans Oldskool X Nintendo Console Controller Grey - 36.5,NEW ANGGOANS,Kota Bandung,Rp378.000,,Terjual 29,4.9,(11 ulasan),https://www.tokopedia.com/new-anggoans/sepatu-vans-oldskool-x-nintendo-console-controller-grey-36-5?whid=0
sepatu Vans Oldskool BW,Dani Shoes,Kota Surabaya,Rp75.000,,Terjual 38,4.7,(24 ulasan),https://www.tokopedia.com/danishoes/sepatu-vans-oldskool-bw?whid=0
Sepatu Vans Replika Hitam Polos | Sepatu Sekolah Hitam - Hitam,The Master Collections,Kota Tangerang,Rp56.000,,Terjual 189,4.7,(71 ulasan),https://www.tokopedia.com/themastershop/sepatu-vans-replika-hitam-polos-sepatu-sekolah-hitam-hitam?whid=0
SEPATU VANS OLD SKOOL VAULT OG RAINBOW - 36,bayualkahfi23,Kota Bekasi,Rp123.000,,Terjual 12,4.9,(10 ulasan),https://www.tokopedia.com/bayualkahfi/sepatu-vans-old-skool-vault-og-rainbow-36?whid=0
Sepatu Original Vans Old Skool Retro Block Pepsi Cola BNIB,Mye Shoes,Jakarta Selatan,Rp500.000,,Terjual 1,5,(1 ulasan),https://www.tokopedia.com/myeshoes/sepatu-original-vans-old-skool-retro-block-pepsi-cola-bnib?whid=0
Sepatu Vans Authentic California Classics - Merah,caki,Kab. Tangerang,Rp50.000,,Terjual 68,4.6,(25 ulasan),https://www.tokopedia.com/trashbag/sepatu-vans-authentic-california-classics-merah?whid=0
SEPATU PRIA DAN WANITA VANS VELCRO,findingshoesjakarta,Kota Bekasi,Rp115.000,,Terjual 11,4.6,(8 ulasan),https://www.tokopedia.com/findsh/sepatu-pria-dan-wanita-vans-velcro?whid=0
"Sepatu Vans WD-FW Full Black Hitam polos 36 - 43 ICC Premium Import - Hitam, 36",WD_Footwear Official,Kab. Tangerang,Rp68.000,,Terjual 3,4.5,(2 ulasan),https://www.tokopedia.com/wdfootwear/sepatu-vans-wd-fw-full-black-hitam-polos-36-43-icc-premium-import-hitam-36?whid=0
Sepatu Vans Old Skoll Velcro Sneakers For Unisex Premium Original,Aiko77shoes,Jakarta Selatan,Rp360.000,,Terjual 2,5,(2 ulasan),https://www.tokopedia.com/aikoshoes/sepatu-vans-old-skoll-velcro-sneakers-for-unisex-premium-original?whid=0
Sepatu Vans Slip On Classic Full All Black BNIB Original Premium,sneaker official member,Kota Bandung,Rp299.000,,Terjual 28,4.7,(13 ulasan),https://www.tokopedia.com/sneakerofficial/sepatu-vans-slip-on-classic-full-all-black-bnib-original-premium?whid=0
Sepatu Vans Slip On Slop | Sepatu Slip On Slop | Sepatu Vans Slop,The Master Collections,Kota Tangerang,Rp54.000,,Terjual 20,4.5,(11 ulasan),https://www.tokopedia.com/themastershop/sepatu-vans-slip-on-slop-sepatu-slip-on-slop-sepatu-vans-slop?whid=0
"Sepatu Pria Big Size 44-46 & 39-43 slip on Vans OG black - Full Black, 39",Kitakitashoes,Kota Bekasi,Rp150.000,,Terjual 8,4.5,(6 ulasan),https://www.tokopedia.com/kitakitashoes-1/sepatu-pria-big-size-44-46-39-43-slip-on-vans-og-black-full-black-39?whid=0
Sepatu Vans Classic Slip-On Made For The Makers Original,70stores,Jakarta Pusat,Rp1.299.000,,Terjual 3,5,(2 ulasan),https://www.tokopedia.com/70stores/sepatu-vans-classic-slip-on-made-for-the-makers-original?whid=0
"Sepatu Wanita Kets Vans SP31 - Abu-abu, 37",BELENI,Kota Depok,Rp37.900,,Terjual 196,4.7,(78 ulasan),https://www.tokopedia.com/beleni/sepatu-wanita-kets-vans-sp31-abu-abu-37?whid=0
"Sepatu Pria Dewasa Vans Cacing 36-43 Hitam Trendy - Hitam, 36",Dede shoes15,Kab. Bogor,Rp25.500,,Terjual 22,4.2,(9 ulasan),https://www.tokopedia.com/dedeshoes15/sepatu-pria-dewasa-vans-cacing-36-43-hitam-trendy-hitam-36?whid=0
"sepatu vans sk8 full black ukuran 36 - 45 size - Hitam, 36",aydinasti,Jakarta Selatan,Rp175.000,,Terjual 4,5,(3 ulasan),https://www.tokopedia.com/aydinasti/sepatu-vans-sk8-full-black-ukuran-36-45-size-hitam-36?whid=0
SEPATU PRIA SNEAKERS VANS OLD SKOOL OFF THE WALL YELLOW,PrimaShoesBekasi,Kota Bekasi,Rp160.000,,Terjual 2,5,(2 ulasan),https://www.tokopedia.com/primashoesbe/sepatu-pria-sneakers-vans-old-skool-off-the-wall-yellow?whid=0
Sepatu Vans AVE Pro 'Reflective/Grey' Original,70stores,Jakarta Pusat,Rp1.699.000,,Terjual 1,0,0,https://www.tokopedia.com/70stores/sepatu-vans-ave-pro-reflective-grey-original?whid=0
Sepatu Kolaborasi VANS X MOONEYES / MOON Equipped SK8-HI - 8,Mooneyes Jakarta,Jakarta Selatan,Rp2.500.000,,Terjual 10,5,(6 ulasan),https://www.tokopedia.com/mooneyesjakarta/sepatu-kolaborasi-vans-x-mooneyes-moon-equipped-sk8-hi-8?whid=0
"SEPATU PRIA SNEAKERS VANS OLDSHOOL CACING SEKOLAH KERJA TERLARIS - Hitam, 39",PABRIK SEPATU BANDUNG88,Kab. Bandung,Rp45.000,,Terjual 14,4.2,(12 ulasan),https://www.tokopedia.com/pabrik-1/sepatu-pria-sneakers-vans-oldshool-cacing-sekolah-kerja-terlaris-hitam-39?whid=0
SEPATU PRIA VANS AUTHENTIC BLACK WHITE With Box - 39,JackRepublic,Kota Surabaya,Rp67.000,,Terjual 18,4,(8 ulasan),https://www.tokopedia.com/jackrepublic/sepatu-pria-vans-authentic-black-white-with-box-39?whid=0
Sepatu Sneakers Vans Old Skool Strap Velcro Black White Unisex,ridoshop 9,Jakarta Selatan,Rp135.000,,Terjual 4,5,(2 ulasan),https://www.tokopedia.com/ridoshop-9/sepatu-sneakers-vans-old-skool-strap-velcro-black-white-unisex?whid=0
Sepatu Vans Oldskool Off White Grey List Navy Premium BNIB,NEW ANGGOANS,Kota Bandung,Rp270.000,,Terjual 15,5,(8 ulasan),https://www.tokopedia.com/new-anggoans/sepatu-vans-oldskool-off-white-grey-list-navy-premium-bnib?whid=0
"SEPATU VANS CHECKER BOARD / CATUR (DT) / WHITE / PUTIH - SOL PUTIH - 39, Putih",A-Shoes,Kota Bandung,Rp70.000,,Terjual 254,4.5,(110 ulasan),https://www.tokopedia.com/anyshoes/sepatu-vans-checker-board-catur-dt-white-putih-sol-putih-39-putih?whid=0
SEPATU KASUAL VANS SLIP ON SLIPON SLOP ABU FOX PUTIH - 40,NAF SHOES,Kab. Tangerang,Rp55.000,,Terjual 34,4.8,(13 ulasan),https://www.tokopedia.com/nafshoes888/sepatu-kasual-vans-slip-on-slipon-slop-abu-fox-putih-40?whid=0
"vans pria / sneakers pria / sepatu vans / sepatu cowok / - vt. catur, 39",Mirzaarselan,Kab. Kediri,Rp50.000,,Terjual 180,4.9,(119 ulasan),https://www.tokopedia.com/mirzaarselan/vans-pria-sneakers-pria-sepatu-vans-sepatu-cowok-vt-catur-39?whid=0
VANS CHIMA PRO 2 SHOES - WHITE/WHITE - 39,Vella Supply,Kota Tangerang Selatan,Rp700.000,,0,0,0,https://www.tokopedia.com/vellasupply/vans-chima-pro-2-shoes-white-white-39?whid=0
SEPATU VANS SK8-HI LED ZEPPELIN BLACK WHITE - 40,Sneakerous_Bekasi,Kota Bekasi,Rp299.000,,Terjual 3,5,(2 ulasan),https://www.tokopedia.com/sneakerousbekasi/sepatu-vans-sk8-hi-led-zeppelin-black-white-40?whid=0
SUPPLIER/DROPSHIP/GROSIR SEPATU VANS OLDSKOOL/OLDSCHOOL TERMURAH!,Wide Store,Jakarta Barat,Rp130.000,,Terjual 568,4.1,(279 ulasan),https://www.tokopedia.com/widestore/supplierdropshipgrosir-sepatu-vans-oldskoololdschool-termurah?whid=0
"Sepatu sport Vans clasic new black - Hitam, 39",DMC13 Store,Jakarta Timur,Rp35.000,,Terjual 892,4.5,(443 ulasan),https://www.tokopedia.com/dmc13/sepatu-sport-vans-clasic-new-black-hitam-39?whid=0
"SEPATU VANS AUTHENTIC BLACK GUM / FULL BLACK GUM / VANS MURAH - Hitam, 40",Lucky Ribs,Kota Depok,Rp135.000,,Terjual 487,4.4,(245 ulasan),https://www.tokopedia.com/luckyribs/sepatu-vans-authentic-black-gum-full-black-gum-vans-murah-hitam-40?whid=0
Sepatu Vans Era Authentic Hitam sepatu sekolah skater sepatu kasual - 36,NAF SHOES,Kab. Tangerang,Rp55.000,,Terjual 128,4.9,(71 ulasan),https://www.tokopedia.com/nafshoes888/sepatu-vans-era-authentic-hitam-sepatu-sekolah-skater-sepatu-kasual-36?whid=0
Sepatu Vans Slip On x MoMA By Vasily Kandinsky ORANGE 100% ORIGINAL,Toko Adidas Original,Kota Tangerang Selatan,Rp2.499.000,,Terjual 5,5,(3 ulasan),https://www.tokopedia.com/tokoadidasori/sepatu-vans-slip-on-x-moma-by-vasily-kandinsky-orange-100-original?whid=0
Sepatu Vans Sk8 Sk 8 Hi Black Navy Blue HIgh DT Premium Biru - 38,Ezelis Store,Kab. Tangerang,Rp85.000,,Terjual 46,3.9,(20 ulasan),https://www.tokopedia.com/ezelisstore/sepatu-vans-sk8-sk-8-hi-black-navy-blue-high-dt-premium-biru-38?whid=0
"Sepatu Vans Slip On Classic Checkerboard 100% Original Global - BLACK WHITE, 37",Areba_store,Jakarta Selatan,Rp450.000,,Terjual 90,4.9,(47 ulasan),https://www.tokopedia.com/anjarspor195/sepatu-vans-slip-on-classic-checkerboard-100-original-global-black-white-37?whid=0
"sepatu vans / vans / sepatu pria / sepatu catur - catur, 39",Mirzaarselan,Kab. Kediri,Rp50.000,,Terjual 254,4.9,(162 ulasan),https://www.tokopedia.com/mirzaarselan/sepatu-vans-vans-sepatu-pria-sepatu-catur-catur-39?whid=0
SEPATU VANS PRIA SNEAKERS CASUAL VANS MOTIF OLDSKOOL AUTHENTIC - 41,Ezelis Store,Kab. Tangerang,Rp65.000,,Terjual 145,4.6,(68 ulasan),https://www.tokopedia.com/ezelisstore/sepatu-vans-pria-sneakers-casual-vans-motif-oldskool-authentic-41?whid=0
SEPATU PRIA VANS OLDSKOOL OG RAINBOW BIG (SIZE 45-47),suppliersepatu'bekasi,Kota Bekasi,Rp160.000,,Terjual 2,5,(2 ulasan),https://www.tokopedia.com/sepatuanakmuda-1/sepatu-pria-vans-oldskool-og-rainbow-big-size-45-47?whid=0
(BUY 1 GET 1) BNIB VANS OLD SKOOL ORIGINAL CLASSIC/SEPATU VANS/SNEAKER - 35,Goritna,Kota Surabaya,Rp449.000,,Terjual 19,4.9,(9 ulasan),https://www.tokopedia.com/goritna/buy-1-get-1-bnib-vans-old-skool-original-classic-sepatu-vans-sneaker-35?whid=0
"Sepatu VANS Motif Black White Oldskool - Hitam, 38",BLACK STORE88,Jakarta Barat,Rp100.000,,Terjual 10,4.3,(6 ulasan),https://www.tokopedia.com/black-store88/sepatu-vans-motif-black-white-oldskool-hitam-38?whid=0
SEPATU VANS SK8 HI HIGH FULL RED ALL RED IMPORT BNIB ORIGINAL PREMIUM,official.ebelshop212,Kota Bandung,Rp310.000,,Terjual 2,5,(2 ulasan),https://www.tokopedia.com/ebelshop212/sepatu-vans-sk8-hi-high-full-red-all-red-import-bnib-original-premium?whid=0
"VANS OLDSKOOL PREMIUM DT / SEPATU COUPLE - Hitam, 44",sagayastore official,Kab. Tangerang,Rp129.900,,Terjual 192,4.5,(99 ulasan),https://www.tokopedia.com/sagayastore/vans-oldskool-premium-dt-sepatu-couple-hitam-44?whid=0
Sepatu Vans Chima Pro 2 Original,70stores,Jakarta Pusat,Rp1.649.000,,Terjual 2,5,(2 ulasan),https://www.tokopedia.com/70stores/sepatu-vans-chima-pro-2-original?whid=0
"Vans Authentic Full Black | Sepatu pria wanita | Sneaker murah + Box - Hitam, 37",aydinasti,Jakarta Selatan,Rp145.000,,Terjual 7,5,(4 ulasan),https://www.tokopedia.com/aydinasti/vans-authentic-full-black-sepatu-pria-wanita-sneaker-murah-box-hitam-37?whid=0
"Sepatu Vans Style 36 x Reigning Champ Old Skool Grey BNIB Original PRM - Grey, 42",sneaker official member,Kota Bandung,Rp329.000,,Terjual 5,5,(3 ulasan),https://www.tokopedia.com/sneakerofficial/sepatu-vans-style-36-x-reigning-champ-old-skool-grey-bnib-original-prm-grey-42?whid=0
"GROSIR Sepatu sneakers vans old school murah - Hitam, 36",CV.PUSAT GROSIR SEPATU MURAH,Kota Surabaya,Rp65.000,,Terjual 32,4.6,(20 ulasan),https://www.tokopedia.com/cvpgsm/grosir-sepatu-sneakers-vans-old-school-murah-hitam-36?whid=0
"SEPATU UKURAN 44 45 46 47 VANS OLDSCOOL HITAM LIS PUTIH BESAR JUMBO - Hitam, 38",aydinasti,Jakarta Selatan,Rp145.000,,Terjual 181,4.5,(99 ulasan),https://www.tokopedia.com/aydinasti/sepatu-ukuran-44-45-46-47-vans-oldscool-hitam-lis-putih-besar-jumbo-hitam-38?whid=0
Sepatu Vans Old Skool Pro BMX Larry Edgar Black Yellow Original Murah,Ease Store ID,Kota Tangerang Selatan,Rp1.300.000,,0,0,0,https://www.tokopedia.com/ease-store/sepatu-vans-old-skool-pro-bmx-larry-edgar-black-yellow-original-murah?whid=0
THE GOODS DEPT - VANS UA DESTRUCT SF CAMO - VN0A4BTLTGA - 39,The Goods Dept,Jakarta Selatan,Rp1.499.000,,Terjual 1,5,(1 ulasan),https://www.tokopedia.com/thegoodsdept/the-goods-dept-vans-ua-destruct-sf-camo-vn0a4btltga-39?whid=0
